[{"model": "admin.logentry", "pk": 1, "fields": {"action_time": "2025-03-03T14:55:57.338Z", "user": 1, "content_type": 6, "object_id": "2", "object_repr": "test@test.com", "action_flag": 1, "change_message": "[{\"added\": {}}]"}}, {"model": "admin.logentry", "pk": 2, "fields": {"action_time": "2025-03-03T14:56:16.944Z", "user": 1, "content_type": 6, "object_id": "2", "object_repr": "test@test.com", "action_flag": 2, "change_message": "[{\"changed\": {\"fields\": [\"Is staff\"]}}]"}}, {"model": "admin.logentry", "pk": 3, "fields": {"action_time": "2025-03-04T07:13:37.920Z", "user": 1, "content_type": 6, "object_id": "2", "object_repr": "test@test.com", "action_flag": 3, "change_message": ""}}, {"model": "admin.logentry", "pk": 4, "fields": {"action_time": "2025-03-08T12:20:46.634Z", "user": 1, "content_type": 10, "object_id": "1", "object_repr": "cat1", "action_flag": 1, "change_message": "[{\"added\": {}}]"}}, {"model": "admin.logentry", "pk": 5, "fields": {"action_time": "2025-03-08T12:20:55.001Z", "user": 1, "content_type": 10, "object_id": "2", "object_repr": "cat2", "action_flag": 1, "change_message": "[{\"added\": {}}]"}}, {"model": "admin.logentry", "pk": 6, "fields": {"action_time": "2025-03-08T13:12:27.881Z", "user": 1, "content_type": 10, "object_id": "2", "object_repr": "cat2", "action_flag": 3, "change_message": ""}}, {"model": "admin.logentry", "pk": 7, "fields": {"action_time": "2025-03-08T13:12:27.892Z", "user": 1, "content_type": 10, "object_id": "1", "object_repr": "cat1", "action_flag": 3, "change_message": ""}}, {"model": "admin.logentry", "pk": 8, "fields": {"action_time": "2025-03-08T13:33:26.577Z", "user": 1, "content_type": 7, "object_id": "4", "object_repr": "admin@admin.com", "action_flag": 1, "change_message": "[{\"added\": {}}]"}}, {"model": "admin.logentry", "pk": 9, "fields": {"action_time": "2025-03-08T13:34:56.993Z", "user": 1, "content_type": 10, "object_id": "3", "object_repr": "Getting Started", "action_flag": 1, "change_message": "[{\"added\": {}}]"}}, {"model": "admin.logentry", "pk": 10, "fields": {"action_time": "2025-03-08T13:35:18.153Z", "user": 1, "content_type": 10, "object_id": "4", "object_repr": "Web Development", "action_flag": 1, "change_message": "[{\"added\": {}}]"}}, {"model": "admin.logentry", "pk": 11, "fields": {"action_time": "2025-03-08T13:35:37.327Z", "user": 1, "content_type": 11, "object_id": "1", "object_repr": "Introduction to Django", "action_flag": 1, "change_message": "[{\"added\": {}}]"}}, {"model": "admin.logentry", "pk": 12, "fields": {"action_time": "2025-03-08T14:01:02.964Z", "user": 1, "content_type": 10, "object_id": "5", "object_repr": "Benefits of Django", "action_flag": 1, "change_message": "[{\"added\": {}}]"}}, {"model": "admin.logentry", "pk": 13, "fields": {"action_time": "2025-03-08T14:01:15.549Z", "user": 1, "content_type": 10, "object_id": "6", "object_repr": "Security", "action_flag": 1, "change_message": "[{\"added\": {}}]"}}, {"model": "admin.logentry", "pk": 14, "fields": {"action_time": "2025-03-08T14:01:27.113Z", "user": 1, "content_type": 10, "object_id": "7", "object_repr": "Scalability", "action_flag": 1, "change_message": "[{\"added\": {}}]"}}, {"model": "admin.logentry", "pk": 15, "fields": {"action_time": "2025-03-08T14:02:07.062Z", "user": 1, "content_type": 11, "object_id": "2", "object_repr": "Why Choose Django for Your Web Application?", "action_flag": 1, "change_message": "[{\"added\": {}}]"}}, {"model": "admin.logentry", "pk": 16, "fields": {"action_time": "2025-03-08T14:08:53.488Z", "user": 1, "content_type": 10, "object_id": "8", "object_repr": "Project Setup", "action_flag": 1, "change_message": "[{\"added\": {}}]"}}, {"model": "admin.logentry", "pk": 17, "fields": {"action_time": "2025-03-08T14:09:03.403Z", "user": 1, "content_type": 11, "object_id": "3", "object_repr": "Setting Up a Django Project", "action_flag": 1, "change_message": "[{\"added\": {}}]"}}, {"model": "admin.logentry", "pk": 18, "fields": {"action_time": "2025-03-08T14:10:09.211Z", "user": 1, "content_type": 10, "object_id": "9", "object_repr": "Database Management", "action_flag": 1, "change_message": "[{\"added\": {}}]"}}, {"model": "admin.logentry", "pk": 19, "fields": {"action_time": "2025-03-08T14:10:32.118Z", "user": 1, "content_type": 10, "object_id": "10", "object_repr": "Backend Development", "action_flag": 1, "change_message": "[{\"added\": {}}]"}}, {"model": "admin.logentry", "pk": 20, "fields": {"action_time": "2025-03-08T14:11:05.998Z", "user": 1, "content_type": 11, "object_id": "4", "object_repr": "Django Models and Databases", "action_flag": 1, "change_message": "[{\"added\": {}}]"}}, {"model": "admin.logentry", "pk": 21, "fields": {"action_time": "2025-03-08T14:12:27.747Z", "user": 1, "content_type": 11, "object_id": "4", "object_repr": "Django Models and Databases", "action_flag": 2, "change_message": "[{\"changed\": {\"fields\": [\"Status\"]}}]"}}, {"model": "admin.logentry", "pk": 22, "fields": {"action_time": "2025-03-08T14:13:59.204Z", "user": 1, "content_type": 10, "object_id": "11", "object_repr": "Frontend Development", "action_flag": 1, "change_message": "[{\"added\": {}}]"}}, {"model": "admin.logentry", "pk": 23, "fields": {"action_time": "2025-03-08T14:14:30.803Z", "user": 1, "content_type": 10, "object_id": "12", "object_repr": "MVT Architecture", "action_flag": 1, "change_message": "[{\"added\": {}}]"}}, {"model": "admin.logentry", "pk": 24, "fields": {"action_time": "2025-03-08T14:14:52.538Z", "user": 1, "content_type": 11, "object_id": "5", "object_repr": "Creating Views and Templates in Django", "action_flag": 1, "change_message": "[{\"added\": {}}]"}}, {"model": "admin.logentry", "pk": 25, "fields": {"action_time": "2025-03-08T14:15:26.045Z", "user": 1, "content_type": 11, "object_id": "4", "object_repr": "Django Models and Databases", "action_flag": 2, "change_message": "[{\"changed\": {\"fields\": [\"Status\"]}}]"}}, {"model": "admin.logentry", "pk": 26, "fields": {"action_time": "2025-03-08T14:17:25.020Z", "user": 1, "content_type": 10, "object_id": "13", "object_repr": "User Input Handling", "action_flag": 1, "change_message": "[{\"added\": {}}]"}}, {"model": "admin.logentry", "pk": 27, "fields": {"action_time": "2025-03-08T14:17:44.759Z", "user": 1, "content_type": 10, "object_id": "14", "object_repr": "Forms & Validation", "action_flag": 1, "change_message": "[{\"added\": {}}]"}}, {"model": "admin.logentry", "pk": 28, "fields": {"action_time": "2025-03-08T14:18:21.610Z", "user": 1, "content_type": 11, "object_id": "6", "object_repr": "Working with Django Forms", "action_flag": 1, "change_message": "[{\"added\": {}}]"}}, {"model": "admin.logentry", "pk": 29, "fields": {"action_time": "2025-03-08T14:19:33.517Z", "user": 1, "content_type": 10, "object_id": "15", "object_repr": "User management", "action_flag": 1, "change_message": "[{\"added\": {}}]"}}, {"model": "admin.logentry", "pk": 30, "fields": {"action_time": "2025-03-08T14:19:49.579Z", "user": 1, "content_type": 10, "object_id": "15", "object_repr": "User Management", "action_flag": 2, "change_message": "[{\"changed\": {\"fields\": [\"Name\"]}}]"}}, {"model": "admin.logentry", "pk": 31, "fields": {"action_time": "2025-03-08T14:20:28.962Z", "user": 1, "content_type": 11, "object_id": "7", "object_repr": "Django Authentication System", "action_flag": 1, "change_message": "[{\"added\": {}}]"}}, {"model": "admin.logentry", "pk": 32, "fields": {"action_time": "2025-03-08T14:22:00.539Z", "user": 1, "content_type": 10, "object_id": "16", "object_repr": "Deployment", "action_flag": 1, "change_message": "[{\"added\": {}}]"}}, {"model": "admin.logentry", "pk": 33, "fields": {"action_time": "2025-03-08T14:22:16.187Z", "user": 1, "content_type": 10, "object_id": "17", "object_repr": "Performance Optimization", "action_flag": 1, "change_message": "[{\"added\": {}}]"}}, {"model": "admin.logentry", "pk": 34, "fields": {"action_time": "2025-03-08T14:22:25.008Z", "user": 1, "content_type": 11, "object_id": "8", "object_repr": "Deploying a Django Application", "action_flag": 1, "change_message": "[{\"added\": {}}]"}}, {"model": "admin.logentry", "pk": 35, "fields": {"action_time": "2025-03-09T05:05:25.968Z", "user": 1, "content_type": 11, "object_id": "4", "object_repr": "Django Models and Databases", "action_flag": 2, "change_message": "[{\"changed\": {\"fields\": [\"Image\"]}}]"}}, {"model": "admin.logentry", "pk": 36, "fields": {"action_time": "2025-03-09T05:05:36.462Z", "user": 1, "content_type": 11, "object_id": "5", "object_repr": "Creating Views and Templates in Django", "action_flag": 2, "change_message": "[{\"changed\": {\"fields\": [\"Image\"]}}]"}}, {"model": "admin.logentry", "pk": 37, "fields": {"action_time": "2025-03-09T05:05:45.300Z", "user": 1, "content_type": 11, "object_id": "6", "object_repr": "Working with Django Forms", "action_flag": 2, "change_message": "[{\"changed\": {\"fields\": [\"Image\"]}}]"}}, {"model": "admin.logentry", "pk": 38, "fields": {"action_time": "2025-03-09T05:59:36.799Z", "user": 1, "content_type": 11, "object_id": "2", "object_repr": "Why Choose Django for Your Web Application?", "action_flag": 2, "change_message": "[{\"changed\": {\"fields\": [\"Content\"]}}]"}}, {"model": "admin.logentry", "pk": 39, "fields": {"action_time": "2025-03-09T06:03:51.347Z", "user": 1, "content_type": 11, "object_id": "1", "object_repr": "Introduction to Django", "action_flag": 2, "change_message": "[{\"changed\": {\"fields\": [\"Content\"]}}]"}}, {"model": "admin.logentry", "pk": 40, "fields": {"action_time": "2025-03-09T06:05:57.959Z", "user": 1, "content_type": 11, "object_id": "3", "object_repr": "Setting Up a Django Project", "action_flag": 2, "change_message": "[{\"changed\": {\"fields\": [\"Content\"]}}]"}}, {"model": "admin.logentry", "pk": 41, "fields": {"action_time": "2025-03-09T06:10:08.389Z", "user": 1, "content_type": 11, "object_id": "1", "object_repr": "Introduction to Django", "action_flag": 2, "change_message": "[{\"changed\": {\"fields\": [\"Content\"]}}]"}}, {"model": "admin.logentry", "pk": 42, "fields": {"action_time": "2025-03-09T06:12:24.128Z", "user": 1, "content_type": 11, "object_id": "2", "object_repr": "Why Choose Django for Your Web Application?", "action_flag": 2, "change_message": "[{\"changed\": {\"fields\": [\"Content\"]}}]"}}, {"model": "admin.logentry", "pk": 43, "fields": {"action_time": "2025-03-09T06:14:49.488Z", "user": 1, "content_type": 11, "object_id": "2", "object_repr": "Why Choose Django for Your Web Application?", "action_flag": 2, "change_message": "[{\"changed\": {\"fields\": [\"Content\"]}}]"}}, {"model": "admin.logentry", "pk": 44, "fields": {"action_time": "2025-03-09T06:15:21.179Z", "user": 1, "content_type": 11, "object_id": "2", "object_repr": "Why Choose Django for Your Web Application?", "action_flag": 2, "change_message": "[{\"changed\": {\"fields\": [\"Content\"]}}]"}}, {"model": "admin.logentry", "pk": 45, "fields": {"action_time": "2025-03-09T06:15:21.204Z", "user": 1, "content_type": 11, "object_id": "2", "object_repr": "Why Choose Django for Your Web Application?", "action_flag": 2, "change_message": "[]"}}, {"model": "admin.logentry", "pk": 46, "fields": {"action_time": "2025-03-09T06:15:59.414Z", "user": 1, "content_type": 11, "object_id": "1", "object_repr": "Introduction to Django", "action_flag": 2, "change_message": "[{\"changed\": {\"fields\": [\"Content\"]}}]"}}, {"model": "admin.logentry", "pk": 47, "fields": {"action_time": "2025-03-09T06:18:12.431Z", "user": 1, "content_type": 11, "object_id": "3", "object_repr": "Setting Up a Django Project", "action_flag": 2, "change_message": "[{\"changed\": {\"fields\": [\"Content\"]}}]"}}, {"model": "admin.logentry", "pk": 48, "fields": {"action_time": "2025-03-09T06:19:38.096Z", "user": 1, "content_type": 11, "object_id": "4", "object_repr": "Django Models and Databases", "action_flag": 2, "change_message": "[{\"changed\": {\"fields\": [\"Content\"]}}]"}}, {"model": "admin.logentry", "pk": 49, "fields": {"action_time": "2025-03-09T06:21:40.428Z", "user": 1, "content_type": 11, "object_id": "5", "object_repr": "Creating Views and Templates in Django", "action_flag": 2, "change_message": "[{\"changed\": {\"fields\": [\"Content\"]}}]"}}, {"model": "admin.logentry", "pk": 50, "fields": {"action_time": "2025-03-09T06:22:47.511Z", "user": 1, "content_type": 11, "object_id": "6", "object_repr": "Working with Django Forms", "action_flag": 2, "change_message": "[{\"changed\": {\"fields\": [\"Content\"]}}]"}}, {"model": "admin.logentry", "pk": 51, "fields": {"action_time": "2025-03-09T06:26:43.633Z", "user": 1, "content_type": 10, "object_id": "18", "object_repr": "Authentication", "action_flag": 1, "change_message": "[{\"added\": {}}]"}}, {"model": "admin.logentry", "pk": 52, "fields": {"action_time": "2025-03-09T06:27:12.861Z", "user": 1, "content_type": 11, "object_id": "7", "object_repr": "Django Authentication System", "action_flag": 2, "change_message": "[{\"changed\": {\"fields\": [\"Content\", \"Category\"]}}]"}}, {"model": "admin.logentry", "pk": 53, "fields": {"action_time": "2025-03-09T06:30:17.495Z", "user": 1, "content_type": 10, "object_id": "19", "object_repr": "Web Hosting", "action_flag": 1, "change_message": "[{\"added\": {}}]"}}, {"model": "admin.logentry", "pk": 54, "fields": {"action_time": "2025-03-09T06:30:20.599Z", "user": 1, "content_type": 11, "object_id": "8", "object_repr": "Deploying a Django Application", "action_flag": 2, "change_message": "[{\"changed\": {\"fields\": [\"Content\", \"Category\"]}}]"}}, {"model": "admin.logentry", "pk": 55, "fields": {"action_time": "2025-03-09T07:15:48.534Z", "user": 1, "content_type": 11, "object_id": "9", "object_repr": "test post for user test", "action_flag": 2, "change_message": "[{\"changed\": {\"fields\": [\"Status\"]}}]"}}, {"model": "admin.logentry", "pk": 56, "fields": {"action_time": "2025-03-09T07:16:23.188Z", "user": 1, "content_type": 11, "object_id": "9", "object_repr": "test post for user test", "action_flag": 2, "change_message": "[{\"changed\": {\"fields\": [\"Published date\"]}}]"}}, {"model": "admin.logentry", "pk": 57, "fields": {"action_time": "2025-03-09T07:37:47.814Z", "user": 1, "content_type": 11, "object_id": "1", "object_repr": "Introduction to Django", "action_flag": 2, "change_message": "[{\"changed\": {\"fields\": [\"Content\", \"Status\"]}}]"}}, {"model": "admin.logentry", "pk": 58, "fields": {"action_time": "2025-03-09T12:58:27.740Z", "user": 1, "content_type": 12, "object_id": "1", "object_repr": "test@test.com-Why Choose Django for Your Web Application?", "action_flag": 2, "change_message": "[{\"changed\": {\"fields\": [\"Approved\"]}}]"}}, {"model": "admin.logentry", "pk": 59, "fields": {"action_time": "2025-03-09T12:58:27.782Z", "user": 1, "content_type": 12, "object_id": "1", "object_repr": "test@test.com-Why Choose Django for Your Web Application?", "action_flag": 2, "change_message": "[]"}}, {"model": "admin.logentry", "pk": 60, "fields": {"action_time": "2025-03-10T07:05:22.044Z", "user": 1, "content_type": 12, "object_id": "2", "object_repr": "admin@admin.com-Django Models and Databases", "action_flag": 2, "change_message": "[{\"changed\": {\"fields\": [\"Approved\"]}}]"}}, {"model": "admin.logentry", "pk": 61, "fields": {"action_time": "2025-03-10T07:07:32.400Z", "user": 1, "content_type": 12, "object_id": "2", "object_repr": "admin@admin.com-Django Models and Databases", "action_flag": 2, "change_message": "[{\"changed\": {\"fields\": [\"Approved\"]}}]"}}, {"model": "admin.logentry", "pk": 62, "fields": {"action_time": "2025-03-10T07:30:40.849Z", "user": 1, "content_type": 12, "object_id": "2", "object_repr": "admin@admin.com-Django Models and Databases", "action_flag": 2, "change_message": "[{\"changed\": {\"fields\": [\"Approved\"]}}]"}}, {"model": "admin.logentry", "pk": 63, "fields": {"action_time": "2025-03-10T07:31:08.118Z", "user": 1, "content_type": 12, "object_id": "2", "object_repr": "admin@admin.com-Django Models and Databases", "action_flag": 2, "change_message": "[{\"changed\": {\"fields\": [\"Approved\"]}}]"}}, {"model": "admin.logentry", "pk": 64, "fields": {"action_time": "2025-03-24T10:29:56.042Z", "user": 1, "content_type": 11, "object_id": "12", "object_repr": "test api", "action_flag": 2, "change_message": "[{\"changed\": {\"fields\": [\"Status\"]}}]"}}, {"model": "admin.logentry", "pk": 65, "fields": {"action_time": "2025-03-24T10:50:25.836Z", "user": 1, "content_type": 11, "object_id": "12", "object_repr": "Test Api", "action_flag": 2, "change_message": "[{\"changed\": {\"fields\": [\"Status\"]}}]"}}, {"model": "admin.logentry", "pk": 66, "fields": {"action_time": "2025-03-24T15:17:48.133Z", "user": 1, "content_type": 12, "object_id": "2", "object_repr": "admin@admin.com-Django Models and Databases", "action_flag": 2, "change_message": "[{\"changed\": {\"fields\": [\"Approved\"]}}]"}}, {"model": "admin.logentry", "pk": 67, "fields": {"action_time": "2025-03-24T15:19:58.824Z", "user": 1, "content_type": 12, "object_id": "2", "object_repr": "admin@admin.com-Django Models and Databases", "action_flag": 2, "change_message": "[{\"changed\": {\"fields\": [\"Approved\"]}}]"}}, {"model": "admin.logentry", "pk": 68, "fields": {"action_time": "2025-03-24T15:59:54.154Z", "user": 1, "content_type": 12, "object_id": "2", "object_repr": "admin@admin.com-Django Models and Databases", "action_flag": 2, "change_message": "[{\"changed\": {\"fields\": [\"Approved\"]}}]"}}, {"model": "admin.logentry", "pk": 69, "fields": {"action_time": "2025-03-24T16:11:04.734Z", "user": 1, "content_type": 12, "object_id": "3", "object_repr": "admin@admin.com-Setting Up a Django Project", "action_flag": 2, "change_message": "[{\"changed\": {\"fields\": [\"Approved\"]}}]"}}, {"model": "admin.logentry", "pk": 70, "fields": {"action_time": "2025-03-24T16:11:58.276Z", "user": 1, "content_type": 12, "object_id": "3", "object_repr": "admin@admin.com-Setting Up a Django Project", "action_flag": 2, "change_message": "[{\"changed\": {\"fields\": [\"Approved\"]}}]"}}, {"model": "admin.logentry", "pk": 71, "fields": {"action_time": "2025-03-24T16:18:03.913Z", "user": 1, "content_type": 12, "object_id": "4", "object_repr": "test@test.com-Why Choose Django for Your Web Application?", "action_flag": 2, "change_message": "[{\"changed\": {\"fields\": [\"Approved\"]}}]"}}, {"model": "admin.logentry", "pk": 72, "fields": {"action_time": "2025-03-29T06:59:58.516Z", "user": 1, "content_type": 14, "object_id": "1", "object_repr": "eb1c45c426aaf2824b9da205f69f466ff37e2c4a", "action_flag": 1, "change_message": "[{\"added\": {}}]"}}, {"model": "admin.logentry", "pk": 73, "fields": {"action_time": "2025-04-02T12:49:55.055Z", "user": 1, "content_type": 6, "object_id": "1", "object_repr": "admin@admin.com", "action_flag": 2, "change_message": "[{\"changed\": {\"fields\": [\"Is verified\"]}}]"}}, {"model": "admin.logentry", "pk": 74, "fields": {"action_time": "2025-04-03T07:52:52.663Z", "user": 1, "content_type": 6, "object_id": "10", "object_repr": "user@example.com", "action_flag": 2, "change_message": "[{\"changed\": {\"fields\": [\"Is verified\"]}}]"}}, {"model": "admin.logentry", "pk": 75, "fields": {"action_time": "2025-04-03T13:09:15.992Z", "user": 1, "content_type": 15, "object_id": "6", "object_repr": "UsedPasswordResetToken object (6)", "action_flag": 3, "change_message": ""}}, {"model": "admin.logentry", "pk": 76, "fields": {"action_time": "2025-04-03T13:09:16.002Z", "user": 1, "content_type": 15, "object_id": "5", "object_repr": "UsedPasswordResetToken object (5)", "action_flag": 3, "change_message": ""}}, {"model": "admin.logentry", "pk": 77, "fields": {"action_time": "2025-04-03T13:09:16.010Z", "user": 1, "content_type": 15, "object_id": "4", "object_repr": "UsedPasswordResetToken object (4)", "action_flag": 3, "change_message": ""}}, {"model": "admin.logentry", "pk": 78, "fields": {"action_time": "2025-04-03T13:09:16.018Z", "user": 1, "content_type": 15, "object_id": "3", "object_repr": "UsedPasswordResetToken object (3)", "action_flag": 3, "change_message": ""}}, {"model": "admin.logentry", "pk": 79, "fields": {"action_time": "2025-04-03T13:09:16.027Z", "user": 1, "content_type": 15, "object_id": "2", "object_repr": "UsedPasswordResetToken object (2)", "action_flag": 3, "change_message": ""}}, {"model": "admin.logentry", "pk": 80, "fields": {"action_time": "2025-04-03T13:09:16.035Z", "user": 1, "content_type": 15, "object_id": "1", "object_repr": "UsedPasswordResetToken object (1)", "action_flag": 3, "change_message": ""}}, {"model": "admin.logentry", "pk": 81, "fields": {"action_time": "2025-04-06T08:25:38.604Z", "user": 1, "content_type": 6, "object_id": "4", "object_repr": "test2@test2.com", "action_flag": 2, "change_message": "[{\"changed\": {\"fields\": [\"Is verified\"]}}]"}}, {"model": "auth.permission", "pk": 1, "fields": {"name": "Can add log entry", "content_type": 1, "codename": "add_logentry"}}, {"model": "auth.permission", "pk": 2, "fields": {"name": "Can change log entry", "content_type": 1, "codename": "change_logentry"}}, {"model": "auth.permission", "pk": 3, "fields": {"name": "Can delete log entry", "content_type": 1, "codename": "delete_logentry"}}, {"model": "auth.permission", "pk": 4, "fields": {"name": "Can view log entry", "content_type": 1, "codename": "view_logentry"}}, {"model": "auth.permission", "pk": 5, "fields": {"name": "Can add permission", "content_type": 2, "codename": "add_permission"}}, {"model": "auth.permission", "pk": 6, "fields": {"name": "Can change permission", "content_type": 2, "codename": "change_permission"}}, {"model": "auth.permission", "pk": 7, "fields": {"name": "Can delete permission", "content_type": 2, "codename": "delete_permission"}}, {"model": "auth.permission", "pk": 8, "fields": {"name": "Can view permission", "content_type": 2, "codename": "view_permission"}}, {"model": "auth.permission", "pk": 9, "fields": {"name": "Can add group", "content_type": 3, "codename": "add_group"}}, {"model": "auth.permission", "pk": 10, "fields": {"name": "Can change group", "content_type": 3, "codename": "change_group"}}, {"model": "auth.permission", "pk": 11, "fields": {"name": "Can delete group", "content_type": 3, "codename": "delete_group"}}, {"model": "auth.permission", "pk": 12, "fields": {"name": "Can view group", "content_type": 3, "codename": "view_group"}}, {"model": "auth.permission", "pk": 13, "fields": {"name": "Can add content type", "content_type": 4, "codename": "add_contenttype"}}, {"model": "auth.permission", "pk": 14, "fields": {"name": "Can change content type", "content_type": 4, "codename": "change_contenttype"}}, {"model": "auth.permission", "pk": 15, "fields": {"name": "Can delete content type", "content_type": 4, "codename": "delete_contenttype"}}, {"model": "auth.permission", "pk": 16, "fields": {"name": "Can view content type", "content_type": 4, "codename": "view_contenttype"}}, {"model": "auth.permission", "pk": 17, "fields": {"name": "Can add session", "content_type": 5, "codename": "add_session"}}, {"model": "auth.permission", "pk": 18, "fields": {"name": "Can change session", "content_type": 5, "codename": "change_session"}}, {"model": "auth.permission", "pk": 19, "fields": {"name": "Can delete session", "content_type": 5, "codename": "delete_session"}}, {"model": "auth.permission", "pk": 20, "fields": {"name": "Can view session", "content_type": 5, "codename": "view_session"}}, {"model": "auth.permission", "pk": 21, "fields": {"name": "Can add custom user", "content_type": 6, "codename": "add_customuser"}}, {"model": "auth.permission", "pk": 22, "fields": {"name": "Can change custom user", "content_type": 6, "codename": "change_customuser"}}, {"model": "auth.permission", "pk": 23, "fields": {"name": "Can delete custom user", "content_type": 6, "codename": "delete_customuser"}}, {"model": "auth.permission", "pk": 24, "fields": {"name": "Can view custom user", "content_type": 6, "codename": "view_customuser"}}, {"model": "auth.permission", "pk": 25, "fields": {"name": "Can add profile", "content_type": 7, "codename": "add_profile"}}, {"model": "auth.permission", "pk": 26, "fields": {"name": "Can change profile", "content_type": 7, "codename": "change_profile"}}, {"model": "auth.permission", "pk": 27, "fields": {"name": "Can delete profile", "content_type": 7, "codename": "delete_profile"}}, {"model": "auth.permission", "pk": 28, "fields": {"name": "Can view profile", "content_type": 7, "codename": "view_profile"}}, {"model": "auth.permission", "pk": 29, "fields": {"name": "Can add captcha store", "content_type": 8, "codename": "add_captchastore"}}, {"model": "auth.permission", "pk": 30, "fields": {"name": "Can change captcha store", "content_type": 8, "codename": "change_captchastore"}}, {"model": "auth.permission", "pk": 31, "fields": {"name": "Can delete captcha store", "content_type": 8, "codename": "delete_captchastore"}}, {"model": "auth.permission", "pk": 32, "fields": {"name": "Can view captcha store", "content_type": 8, "codename": "view_captchastore"}}, {"model": "auth.permission", "pk": 33, "fields": {"name": "Can add contact", "content_type": 9, "codename": "add_contact"}}, {"model": "auth.permission", "pk": 34, "fields": {"name": "Can change contact", "content_type": 9, "codename": "change_contact"}}, {"model": "auth.permission", "pk": 35, "fields": {"name": "Can delete contact", "content_type": 9, "codename": "delete_contact"}}, {"model": "auth.permission", "pk": 36, "fields": {"name": "Can view contact", "content_type": 9, "codename": "view_contact"}}, {"model": "auth.permission", "pk": 37, "fields": {"name": "Can add category", "content_type": 10, "codename": "add_category"}}, {"model": "auth.permission", "pk": 38, "fields": {"name": "Can change category", "content_type": 10, "codename": "change_category"}}, {"model": "auth.permission", "pk": 39, "fields": {"name": "Can delete category", "content_type": 10, "codename": "delete_category"}}, {"model": "auth.permission", "pk": 40, "fields": {"name": "Can view category", "content_type": 10, "codename": "view_category"}}, {"model": "auth.permission", "pk": 41, "fields": {"name": "Can add post", "content_type": 11, "codename": "add_post"}}, {"model": "auth.permission", "pk": 42, "fields": {"name": "Can change post", "content_type": 11, "codename": "change_post"}}, {"model": "auth.permission", "pk": 43, "fields": {"name": "Can delete post", "content_type": 11, "codename": "delete_post"}}, {"model": "auth.permission", "pk": 44, "fields": {"name": "Can view post", "content_type": 11, "codename": "view_post"}}, {"model": "auth.permission", "pk": 45, "fields": {"name": "Can add comment", "content_type": 12, "codename": "add_comment"}}, {"model": "auth.permission", "pk": 46, "fields": {"name": "Can change comment", "content_type": 12, "codename": "change_comment"}}, {"model": "auth.permission", "pk": 47, "fields": {"name": "Can delete comment", "content_type": 12, "codename": "delete_comment"}}, {"model": "auth.permission", "pk": 48, "fields": {"name": "Can view comment", "content_type": 12, "codename": "view_comment"}}, {"model": "auth.permission", "pk": 49, "fields": {"name": "Can add Token", "content_type": 13, "codename": "add_token"}}, {"model": "auth.permission", "pk": 50, "fields": {"name": "Can change Token", "content_type": 13, "codename": "change_token"}}, {"model": "auth.permission", "pk": 51, "fields": {"name": "Can delete Token", "content_type": 13, "codename": "delete_token"}}, {"model": "auth.permission", "pk": 52, "fields": {"name": "Can view Token", "content_type": 13, "codename": "view_token"}}, {"model": "auth.permission", "pk": 53, "fields": {"name": "Can add Token", "content_type": 14, "codename": "add_tokenproxy"}}, {"model": "auth.permission", "pk": 54, "fields": {"name": "Can change Token", "content_type": 14, "codename": "change_tokenproxy"}}, {"model": "auth.permission", "pk": 55, "fields": {"name": "Can delete Token", "content_type": 14, "codename": "delete_tokenproxy"}}, {"model": "auth.permission", "pk": 56, "fields": {"name": "Can view Token", "content_type": 14, "codename": "view_tokenproxy"}}, {"model": "auth.permission", "pk": 57, "fields": {"name": "Can add used password reset token", "content_type": 15, "codename": "add_usedpasswordresettoken"}}, {"model": "auth.permission", "pk": 58, "fields": {"name": "Can change used password reset token", "content_type": 15, "codename": "change_usedpasswordresettoken"}}, {"model": "auth.permission", "pk": 59, "fields": {"name": "Can delete used password reset token", "content_type": 15, "codename": "delete_usedpasswordresettoken"}}, {"model": "auth.permission", "pk": 60, "fields": {"name": "Can view used password reset token", "content_type": 15, "codename": "view_usedpasswordresettoken"}}, {"model": "contenttypes.contenttype", "pk": 1, "fields": {"app_label": "admin", "model": "logentry"}}, {"model": "contenttypes.contenttype", "pk": 2, "fields": {"app_label": "auth", "model": "permission"}}, {"model": "contenttypes.contenttype", "pk": 3, "fields": {"app_label": "auth", "model": "group"}}, {"model": "contenttypes.contenttype", "pk": 4, "fields": {"app_label": "contenttypes", "model": "contenttype"}}, {"model": "contenttypes.contenttype", "pk": 5, "fields": {"app_label": "sessions", "model": "session"}}, {"model": "contenttypes.contenttype", "pk": 6, "fields": {"app_label": "accounts", "model": "customuser"}}, {"model": "contenttypes.contenttype", "pk": 7, "fields": {"app_label": "accounts", "model": "profile"}}, {"model": "contenttypes.contenttype", "pk": 8, "fields": {"app_label": "captcha", "model": "captchastore"}}, {"model": "contenttypes.contenttype", "pk": 9, "fields": {"app_label": "website", "model": "contact"}}, {"model": "contenttypes.contenttype", "pk": 10, "fields": {"app_label": "blog", "model": "category"}}, {"model": "contenttypes.contenttype", "pk": 11, "fields": {"app_label": "blog", "model": "post"}}, {"model": "contenttypes.contenttype", "pk": 12, "fields": {"app_label": "comment", "model": "comment"}}, {"model": "contenttypes.contenttype", "pk": 13, "fields": {"app_label": "authtoken", "model": "token"}}, {"model": "contenttypes.contenttype", "pk": 14, "fields": {"app_label": "authtoken", "model": "tokenproxy"}}, {"model": "contenttypes.contenttype", "pk": 15, "fields": {"app_label": "accounts", "model": "usedpasswordresettoken"}}, {"model": "sessions.session", "pk": "51vr0igrg3y5zx2moote0vwwemoq64id", "fields": {"session_data": ".eJxVjMsOwiAQRf-FtSHIG5fu-w1kYAapGkhKuzL-uzbpQrf3nHNfLMK21rgNWuKM7MIUO_1uCfKD2g7wDu3Wee5tXebEd4UfdPCpIz2vh_t3UGHUby2CksYSBCQritZUUASri87ZSWe08MI5XyC54jNqI8UZkseSpE-KcmDvD9zKOBU:1tq9i0:AvTZ7wVZ7AmmjQdGTkVWIpuqcPDBeDIHgZv9pH2UoNM", "expire_date": "2025-03-20T11:48:12.940Z"}}, {"model": "sessions.session", "pk": "6h751pws4aqdgdbo8dzxs0e3lj8t1b5h", "fields": {"session_data": "eyJfcGFzc3dvcmRfcmVzZXRfdG9rZW4iOiJjbTU3ZWktM2Y2OGQ2ODAzYWI5YjE4NjcwNWM4MDU0NDA3YTk0NDEifQ:1tpSXx:DjkfCL0pRT5x3v0256hIOWdq9hYzeS-Gz67DH1ytFGY", "expire_date": "2025-03-18T13:42:57.604Z"}}, {"model": "sessions.session", "pk": "6icfgehksvxca789si814lm0insfrnr0", "fields": {"session_data": ".eJxVjMsOwiAQRf-FtSHDG1y69xvIwIBUDU1KuzL-uzbpQrf3nHNfLOK2triNssSJ2JlpdvrdEuZH6TugO_bbzPPc12VKfFf4QQe_zlSel8P9O2g42reWmKujHIQlpyijthW9IeECGJ_Qipo1VAvSg_IBlJKuIJWakgHtAdj7A_OIN8o:1tqWhe:KN44LlwoC25I0rShNXEZQJ-TS_tAbE-Nm4TBM7v7BnU", "expire_date": "2025-03-21T12:21:22.463Z"}}, {"model": "sessions.session", "pk": "9hvkeokusq6bgu27de4wgdk06pt5nx9r", "fields": {"session_data": ".eJxVjMsOwiAQRf-FtSFQymNcuvcbyMAMUjU0Ke3K-O_apAvd3nPOfYmI21rj1nmJE4mz0OL0uyXMD247oDu22yzz3NZlSnJX5EG7vM7Ez8vh_h1U7PVbewxkHfHoBlU8GvLAoRTDwTrjAtsMyEaNlLSHNGiArJkUJHDas3fi_QHpoTfN:1tpTBP:1v_ypqXWq7xEvQNsjdWfsP1RmppPeTl5OZr4LfXwyv0", "expire_date": "2025-03-18T14:23:43.921Z"}}, {"model": "sessions.session", "pk": "cqa72cdzrjebjxke71m9oa1gt7ibioet", "fields": {"session_data": ".eJxVjMsOwiAQRf-FtSE8Bltcuu83EIYZpGogKe3K-O_apAvd3nPOfYkQt7WErfMSZhIXYcXpd8OYHlx3QPdYb02mVtdlRrkr8qBdTo34eT3cv4MSe_nWGQmHNCb0A9rMClzWXpFJZ9DorQP0jsFFQ5ATEjDE0VjSyAycQYn3Bw1QOO8:1tpO7c:ZQx2A-jGNu3NHWH4aez0yM3jgNbqBVO9qIzUIdOVdyA", "expire_date": "2025-03-18T08:59:28.356Z"}}, {"model": "sessions.session", "pk": "ct8gu2tsw167xmewugxj412kywhiq15p", "fields": {"session_data": ".eJxVjMsOwiAQRf-FtSFQymNcuvcbyMAMUjU0Ke3K-O_apAvd3nPOfYmI21rj1nmJE4mz0OL0uyXMD247oDu22yzz3NZlSnJX5EG7vM7Ez8vh_h1U7PVbewxkHfHoBlU8GvLAoRTDwTrjAtsMyEaNlLSHNGiArJkUJHDas3fi_QHpoTfN:1tyRCI:Pqwhe0W0u1tcZFdErL9ATe6LKayEaRMr_BY3--1A9aU", "expire_date": "2025-04-12T08:05:42.378Z"}}, {"model": "sessions.session", "pk": "h88b98t7487ndgw1zxc1hc4s3u41hgpr", "fields": {"session_data": "e30:1tq87Q:B7qeoYgmYjBnhDb1v7Qy7Q7bh-i8Ne5oYO5gdJlvhjg", "expire_date": "2025-03-20T10:06:20.088Z"}}, {"model": "sessions.session", "pk": "l7kwpgm52500ncx11d9gyxlck3es2cd9", "fields": {"session_data": ".eJxVjMsOwiAQRf-FtSHIG5fu-w1kYAapGkhKuzL-uzbpQrf3nHNfLMK21rgNWuKM7MIUO_1uCfKD2g7wDu3Wee5tXebEd4UfdPCpIz2vh_t3UGHUby2CksYSBCQritZUUASri87ZSWe08MI5XyC54jNqI8UZkseSpE-KcmDvD9zKOBU:1trI4o:seOJgrDkYOLuB-mgp-syVp9jfZVmomoNa6mlnVA_Xuo", "expire_date": "2025-03-23T14:56:26.468Z"}}, {"model": "sessions.session", "pk": "luw2f9bcagh3rivbdt1lqqbf5to86tlw", "fields": {"session_data": ".eJxVjMsOwiAQRf-FtSFQymNcuvcbyMAMUjU0Ke3K-O_apAvd3nPOfYmI21rj1nmJE4mz0OL0uyXMD247oDu22yzz3NZlSnJX5EG7vM7Ez8vh_h1U7PVbewxkHfHoBlU8GvLAoRTDwTrjAtsMyEaNlLSHNGiArJkUJHDas3fi_QHpoTfN:1twkUw:d0nR5IFA5uPfJCdAKgB4uBApDtoLCY7nyIiKGqKbX1E", "expire_date": "2025-04-07T16:17:58.256Z"}}, {"model": "sessions.session", "pk": "m2i13xcksfa9sb3vzf0pgy78hgdca3v0", "fields": {"session_data": ".eJxVjMsOwiAQRf-FtSFQymNcuvcbyMAMUjU0Ke3K-O_apAvd3nPOfYmI21rj1nmJE4mz0OL0uyXMD247oDu22yzz3NZlSnJX5EG7vM7Ez8vh_h1U7PVbewxkHfHoBlU8GvLAoRTDwTrjAtsMyEaNlLSHNGiArJkUJHDas3fi_QHpoTfN:1u0KUk:JXCoFDpkFqCSSq-iRAuuO2Xx6AaRpF3FigOU14RRxpE", "expire_date": "2025-04-17T13:20:34.079Z"}}, {"model": "sessions.session", "pk": "s6su5e3rd3sbx3b5qwh90uxd7v5x05if", "fields": {"session_data": ".eJxVjMsOwiAQRf-FtSHIG5fu-w1kYAapGkhKuzL-uzbpQrf3nHNfLMK21rgNWuKM7MIUO_1uCfKD2g7wDu3Wee5tXebEd4UfdPCpIz2vh_t3UGHUby2CksYSBCQritZUUASri87ZSWe08MI5XyC54jNqI8UZkseSpE-KcmDvD9zKOBU:1trGAN:sKL22ZC8sKKmwUnE5sIE5m1wSp6Xyumfks3sTyXR55Q", "expire_date": "2025-03-23T12:54:03.895Z"}}, {"model": "sessions.session", "pk": "szrcte1ytb73z6g46gie58z82b1gp7ha", "fields": {"session_data": ".eJxVjMsOwiAQRf-FtSFQymNcuvcbyMAMUjU0Ke3K-O_apAvd3nPOfYmI21rj1nmJE4mz0OL0uyXMD247oDu22yzz3NZlSnJX5EG7vM7Ez8vh_h1U7PVbewxkHfHoBlU8GvLAoRTDwTrjAtsMyEaNlLSHNGiArJkUJHDas3fi_QHpoTfN:1tqtAH:fGaxr24wyz-U5r3ywMlZ2cF-3U-x5f5XnRUidObUYWI", "expire_date": "2025-03-22T12:20:25.651Z"}}, {"model": "sessions.session", "pk": "tzqm5of4zo2met6zr3ikr3i6t1g1oofi", "fields": {"session_data": ".eJxVjMsOwiAQRf-FtSFQymNcuvcbyMAMUjU0Ke3K-O_apAvd3nPOfYmI21rj1nmJE4mz0OL0uyXMD247oDu22yzz3NZlSnJX5EG7vM7Ez8vh_h1U7PVbewxkHfHoBlU8GvLAoRTDwTrjAtsMyEaNlLSHNGiArJkUJHDas3fi_QHpoTfN:1u2O0b:Vbv6nh75DtInC0E-3rIyjU-0ZW3Vw_L4g7a2kECetw4", "expire_date": "2025-04-23T05:29:57.720Z"}}, {"model": "sessions.session", "pk": "uuqdclglrdpnvvtlesyjh06oh9g8fja9", "fields": {"session_data": ".eJxVjMsOwiAQRf-FtSFQymNcuvcbyMAMUjU0Ke3K-O_apAvd3nPOfYmI21rj1nmJE4mz0OL0uyXMD247oDu22yzz3NZlSnJX5EG7vM7Ez8vh_h1U7PVbewxkHfHoBlU8GvLAoRTDwTrjAtsMyEaNlLSHNGiArJkUJHDas3fi_QHpoTfN:1trX4O:N3Ko2PnNFH1DeMl1xc-rEvaqEqA1dYumi9DQMGHz_9E", "expire_date": "2025-03-24T06:57:00.015Z"}}, {"model": "sessions.session", "pk": "vb8f21qi5j3w30p911zr8q3fqegvqwgz", "fields": {"session_data": ".eJxVjMsOwiAQRf-FtSHDG1y69xvIwIBUDU1KuzL-uzbpQrf3nHNfLOK2triNssSJ2JlpdvrdEuZH6TugO_bbzPPc12VKfFf4QQe_zlSel8P9O2g42reWmKujHIQlpyijthW9IeECGJ_Qipo1VAvSg_IBlJKuIJWakgHtAdj7A_OIN8o:1u1LKD:Ss5C3tp6RXH5UnuIxXCZLvA35cJCWvzt6CqITi__ZBs", "expire_date": "2025-04-20T08:25:53.693Z"}}, {"model": "accounts.customuser", "pk": 1, "fields": {"password": "pbkdf2_sha256$600000$cVGLhvDc9u1awiL6JGnGx7$zjY7u+9F+PUW8UA0ZxtUKGRR02IcKDR0Bu/v/S2eBRE=", "last_login": "2025-04-11T08:13:18.362Z", "email": "admin@admin.com", "is_superuser": true, "is_staff": true, "is_active": true, "is_verified": true, "created_date": "2025-03-03T14:32:20.722Z", "updated_date": "2025-04-02T12:49:55.048Z", "groups": [], "user_permissions": []}}, {"model": "accounts.customuser", "pk": 3, "fields": {"password": "pbkdf2_sha256$600000$xwM7EjivGyEBLxptgv2j1F$Z2znj/n53PIA7QNdeZvJNchLfp6Dcc1JT+F9kXktPEs=", "last_login": "2025-04-03T11:21:02.717Z", "email": "test@test.com", "is_superuser": false, "is_staff": false, "is_active": true, "is_verified": true, "created_date": "2025-03-04T07:13:58.900Z", "updated_date": "2025-04-03T12:33:58.854Z", "groups": [], "user_permissions": []}}, {"model": "accounts.customuser", "pk": 4, "fields": {"password": "pbkdf2_sha256$600000$ulNrm5xa1gUDC9KzfZymkB$so1dxyHOukX+mAD3hchLNi76V8OBz9CxTM7Sn2BPglU=", "last_login": "2025-04-06T08:25:53.685Z", "email": "test2@test2.com", "is_superuser": false, "is_staff": false, "is_active": true, "is_verified": true, "created_date": "2025-03-04T07:35:56.734Z", "updated_date": "2025-04-06T08:25:38.598Z", "groups": [], "user_permissions": []}}, {"model": "accounts.customuser", "pk": 10, "fields": {"password": "pbkdf2_sha256$600000$5ddz35Wo07abZUDdw1dLpj$o8G2MPMA1Xb8mEaHHizoTQdopx856CY9F58iyn8DiZ4=", "last_login": "2025-04-03T09:37:27.899Z", "email": "user@example.com", "is_superuser": false, "is_staff": false, "is_active": true, "is_verified": true, "created_date": "2025-04-03T07:50:54.138Z", "updated_date": "2025-04-03T13:18:26.080Z", "groups": [], "user_permissions": []}}, {"model": "accounts.customuser", "pk": 11, "fields": {"password": "pbkdf2_sha256$600000$NVkT145WUJCaiWFVN09RfU$qjRNDYQUSgWfjfMPkIG+WN1FdDRMiS6tEIDNLdXZVRM=", "last_login": null, "email": "harrisjennifer@example.net", "is_superuser": false, "is_staff": false, "is_active": true, "is_verified": true, "created_date": "2025-04-10T13:59:37.559Z", "updated_date": "2025-04-10T13:59:37.559Z", "groups": [], "user_permissions": []}}, {"model": "accounts.customuser", "pk": 12, "fields": {"password": "pbkdf2_sha256$600000$bsX0OplDGkwQQdOS3h7yLH$44l73+3jmsIbnkdN06FciTSGCWtGFpDPi9VESu7/DFY=", "last_login": null, "email": "ycarrillo@example.org", "is_superuser": false, "is_staff": false, "is_active": true, "is_verified": true, "created_date": "2025-04-10T14:17:03.392Z", "updated_date": "2025-04-10T14:17:03.392Z", "groups": [], "user_permissions": []}}, {"model": "accounts.customuser", "pk": 13, "fields": {"password": "pbkdf2_sha256$600000$ceNc4MmBd9sciIUFZ9qDvz$6/gKUPJ4RNglEsbcegoKgT5o4zcP6wv7bXbePu5IDqo=", "last_login": null, "email": "kari14@example.org", "is_superuser": false, "is_staff": false, "is_active": true, "is_verified": true, "created_date": "2025-04-10T14:22:34.477Z", "updated_date": "2025-04-10T14:22:34.477Z", "groups": [], "user_permissions": []}}, {"model": "accounts.customuser", "pk": 14, "fields": {"password": "pbkdf2_sha256$600000$PJV83f2swkzcsW7ICJkhov$jb/VdePF5BI95Gig7HS7i7hUSvg16WpoJ1l49JLcLf4=", "last_login": null, "email": "sarahsavage@example.org", "is_superuser": false, "is_staff": false, "is_active": true, "is_verified": true, "created_date": "2025-04-10T14:22:58.569Z", "updated_date": "2025-04-10T14:22:58.569Z", "groups": [], "user_permissions": []}}, {"model": "accounts.customuser", "pk": 15, "fields": {"password": "pbkdf2_sha256$600000$6qabQHMgrRHxvqGqlZmxTe$EKn45LHmA92inl3BaoOyyLZTyPojIO0Hiz7pxqraP30=", "last_login": null, "email": "lisa15@example.org", "is_superuser": false, "is_staff": false, "is_active": true, "is_verified": true, "created_date": "2025-04-10T14:42:44.764Z", "updated_date": "2025-04-10T14:42:44.764Z", "groups": [], "user_permissions": []}}, {"model": "accounts.usedpasswordresettoken", "pk": 7, "fields": {"token": "eyJhbGciOiJIUzI1NiIsInR5cCI6IkpXVCJ9.eyJ1c2VyX2lkIjoxMH0.EYh9emLh50y-gWav_g0YXhHIdB341NCNbg2T4LjdnDQ", "user": 10, "created_at": "2025-04-03T13:09:41.585Z", "used": true}}, {"model": "accounts.usedpasswordresettoken", "pk": 8, "fields": {"token": "eyJhbGciOiJIUzI1NiIsInR5cCI6IkpXVCJ9.eyJ1c2VyX2lkIjoxMCwidGltZXN0YW1wIjoiMjAyNS0wNC0wM1QxMzoxNzo1MS40OTM5OTcrMDA6MDAiLCJ1bmlxdWVfaWQiOiJjZWQ2YjlhNi1mZmQxLTQ2ODgtYjMwYi1hMzRkNDMwMjg4MTEifQ.aop3duCHQyU9NDRoXajvgCX9bHeqnxfumQUd5crNw_w", "user": 10, "created_at": "2025-04-03T13:17:51.494Z", "used": true}}, {"model": "accounts.usedpasswordresettoken", "pk": 9, "fields": {"token": "eyJhbGciOiJIUzI1NiIsInR5cCI6IkpXVCJ9.eyJ1c2VyX2lkIjoxMCwidGltZXN0YW1wIjoiMjAyNS0wNC0wM1QxMzoxOToxOS43MzgwMTUrMDA6MDAiLCJ1bmlxdWVfaWQiOiJhYmUzYmQwNy1iOWQyLTQwYzktYWYwMy0yMjdmNjQ2MTdhOGUifQ.3eGects9l24t24209tuMbELgHLlk0cfl5_OgAJlZjzw", "user": 10, "created_at": "2025-04-03T13:19:19.738Z", "used": false}}, {"model": "accounts.profile", "pk": 2, "fields": {"user": 3, "first_name": "sadegh", "last_name": "mhz", "image": "", "description": "this is a test profile++", "created_date": "2025-03-04T07:13:58.914Z", "updated_date": "2025-04-02T12:31:38.018Z"}}, {"model": "accounts.profile", "pk": 3, "fields": {"user": 4, "first_name": "test1v=== **** /////kjgfdg خخخخ", "last_name": "testyan )_)__=", "image": "", "description": "this is a test for test@test.com anymore\r\nغععغ\r\nسلام", "created_date": "2025-03-04T07:35:56.747Z", "updated_date": "2025-03-07T12:30:32.171Z"}}, {"model": "accounts.profile", "pk": 4, "fields": {"user": 1, "first_name": "Sadegh", "last_name": "Mehdizadeh", "image": "", "description": "this is admin.", "created_date": "2025-03-08T13:33:26.573Z", "updated_date": "2025-04-02T11:31:35.186Z"}}, {"model": "accounts.profile", "pk": 10, "fields": {"user": 10, "first_name": "", "last_name": "", "image": "", "description": "", "created_date": "2025-04-03T07:50:54.154Z", "updated_date": "2025-04-03T07:50:54.154Z"}}, {"model": "accounts.profile", "pk": 11, "fields": {"user": 11, "first_name": "Katrina", "last_name": "Blake", "image": "", "description": "Seat exactly write campaign. Prove mouth within form data game anything.", "created_date": "2025-04-10T13:59:37.571Z", "updated_date": "2025-04-10T13:59:37.589Z"}}, {"model": "accounts.profile", "pk": 12, "fields": {"user": 12, "first_name": "Victoria", "last_name": "Schultz", "image": "", "description": "Respond series media party.", "created_date": "2025-04-10T14:17:03.404Z", "updated_date": "2025-04-10T14:17:03.422Z"}}, {"model": "accounts.profile", "pk": 13, "fields": {"user": 13, "first_name": "Rebecca", "last_name": "Romero", "image": "", "description": "Mean task care us bag test.", "created_date": "2025-04-10T14:22:34.487Z", "updated_date": "2025-04-10T14:22:34.506Z"}}, {"model": "accounts.profile", "pk": 14, "fields": {"user": 14, "first_name": "Angela", "last_name": "Vazquez", "image": "", "description": "Let church spring book.", "created_date": "2025-04-10T14:22:58.581Z", "updated_date": "2025-04-10T14:22:58.598Z"}}, {"model": "accounts.profile", "pk": 15, "fields": {"user": 15, "first_name": "Kristopher", "last_name": "Holland", "image": "", "description": "Wrong listen actually hot decision great book.", "created_date": "2025-04-10T14:42:44.780Z", "updated_date": "2025-04-10T14:42:44.800Z"}}, {"model": "website.contact", "pk": 1, "fields": {"name": "farhad", "email": "sdg.maktabkhooneh@gmail.com", "subject": "something", "message": "hello", "created_date": "2025-03-06T10:01:32.641Z", "updated_date": "2025-03-06T10:01:32.641Z"}}, {"model": "website.contact", "pk": 2, "fields": {"name": "", "email": "sdg.maktabkhooneh@gmail.com", "subject": "test", "message": "this is test", "created_date": "2025-03-06T10:05:19.456Z", "updated_date": "2025-03-06T10:05:19.456Z"}}, {"model": "website.contact", "pk": 3, "fields": {"name": "", "email": "test@test.com", "subject": "something", "message": "test for login", "created_date": "2025-03-06T10:07:45.945Z", "updated_date": "2025-03-06T10:07:45.945Z"}}, {"model": "website.contact", "pk": 4, "fields": {"name": "", "email": "test@test.com", "subject": "سلام", "message": "سلام چطوری", "created_date": "2025-03-06T10:10:29.798Z", "updated_date": "2025-03-06T10:10:29.798Z"}}, {"model": "website.contact", "pk": 5, "fields": {"name": "farhad", "email": "sdg.mhz@gmail.com", "subject": "test for", "message": "test for javascript", "created_date": "2025-03-06T10:15:07.528Z", "updated_date": "2025-03-06T10:15:07.528Z"}}, {"model": "website.contact", "pk": 6, "fields": {"name": "", "email": "sdg.maktabkhooneh@gmail.com", "subject": "something", "message": "dfsdf", "created_date": "2025-03-06T10:16:03.672Z", "updated_date": "2025-03-06T10:16:03.672Z"}}, {"model": "website.contact", "pk": 7, "fields": {"name": "farhad", "email": "sdg.maktabkhooneh@gmail.com", "subject": "دتلا", "message": "یربسیرس", "created_date": "2025-03-06T10:18:00.475Z", "updated_date": "2025-03-06T10:18:00.475Z"}}, {"model": "website.contact", "pk": 8, "fields": {"name": "", "email": "sdg.maktabkhooneh@gmail.com", "subject": "سیزسیزس", "message": "سلام", "created_date": "2025-03-06T10:23:01.016Z", "updated_date": "2025-03-06T10:23:01.016Z"}}, {"model": "website.contact", "pk": 9, "fields": {"name": "farhad", "email": "farhad@gmail.com", "subject": "test", "message": "r5ge", "created_date": "2025-03-06T10:26:40.313Z", "updated_date": "2025-03-06T10:26:40.313Z"}}, {"model": "website.contact", "pk": 10, "fields": {"name": "farhad", "email": "farhad@gmail.com", "subject": "trfrrvrrvc", "message": "hclkhsdvchsdkvfhsidfhsidfhsifh", "created_date": "2025-03-06T10:29:17.606Z", "updated_date": "2025-03-06T10:29:17.606Z"}}, {"model": "website.contact", "pk": 11, "fields": {"name": "", "email": "farhad@gmail.com", "subject": "first test", "message": "ygtyufgytf", "created_date": "2025-03-06T10:31:05.233Z", "updated_date": "2025-03-06T10:31:05.233Z"}}, {"model": "website.contact", "pk": 12, "fields": {"name": "farhad", "email": "abc@abc.com", "subject": "البالب", "message": "البالب", "created_date": "2025-03-06T10:33:09.842Z", "updated_date": "2025-03-06T10:33:09.842Z"}}, {"model": "website.contact", "pk": 13, "fields": {"name": "farhad", "email": "sdg.maktabkhooneh@gmail.com", "subject": "something", "message": "test sweetify", "created_date": "2025-03-06T10:56:10.164Z", "updated_date": "2025-03-06T10:56:10.164Z"}}, {"model": "website.contact", "pk": 14, "fields": {"name": "farhad", "email": "sadegh.mehdizadeh84@gmail.com", "subject": "first test", "message": "hi", "created_date": "2025-03-06T11:07:16.630Z", "updated_date": "2025-03-06T11:07:16.630Z"}}, {"model": "website.contact", "pk": 15, "fields": {"name": "ali", "email": "test@test.com", "subject": "first test", "message": "fvsdf", "created_date": "2025-03-06T11:12:53.230Z", "updated_date": "2025-03-06T11:12:53.230Z"}}, {"model": "website.contact", "pk": 16, "fields": {"name": "farhad", "email": "farhad@gmail.com", "subject": "something", "message": "final test", "created_date": "2025-03-06T11:15:28.742Z", "updated_date": "2025-03-06T11:15:28.742Z"}}, {"model": "blog.post", "pk": 1, "fields": {"image": "blog/1.webp", "author": 4, "title": "Introduction to Django", "content": "<p style=\"text-align: justify;\">Django is a high-level Python web framework that encourages rapid development and clean, pragmatic design. It is built with the principle of \"Don't Repeat Yourself\" (DRY), meaning developers can write efficient and reusable code. With built-in tools for authentication, database management, and security, Django makes web development easier and faster. One of the biggest advantages of Django is its scalability—it is used by both small startups and large enterprises. Its ability to handle high traffic while maintaining security and efficiency makes it a preferred choice for developers worldwide.</p>\r\n\r\n<p style=\"text-align: justify;\">Whether you are a beginner or an experienced developer, Django provides a structured approach to building web applications. It has extensive documentation and a supportive community, making learning and troubleshooting easier. Additionally, Django follows the Model-View-Template (MVT) architecture, which simplifies development by separating concerns. If you're looking for a framework that combines power, flexibility, and ease of use, Django is an excellent choice.</p>\r\n\r\n<p style=\"text-align: justify;\">Django's emphasis on best practices and security makes it a robust framework for modern web development. Its built-in security features help prevent common vulnerabilities, and its modular architecture allows for rapid scaling. Whether you're building a personal blog or a high-traffic web service, Django provides the flexibility and reliability needed to succeed.</p>", "status": "pub", "counted_views": 23, "created_date": "2025-03-08T13:35:37.320Z", "updated_date": "2025-04-14T10:03:31.972Z", "published_date": "2025-03-08T13:35:26Z", "category": [3, 4]}}, {"model": "blog.post", "pk": 2, "fields": {"image": "blog/2.jpeg", "author": 4, "title": "Why Choose Django for Your Web Application?", "content": "<p style=\"text-align: justify;\">Django comes with a powerful set of features that make it a great choice for web development. It includes built-in authentication, an ORM for database management, and automatic admin panel generation. These features allow developers to focus on building their applications rather than reinventing the wheel. The framework’s modularity also enables developers to extend functionalities easily by integrating third-party packages or creating custom apps.</p>\r\n\r\n<p style=\"text-align: justify;\">Another key advantage of Django is its security. It protects against common web vulnerabilities like SQL injection, cross-site scripting (XSS), and cross-site request forgery (CSRF). Django’s middleware automatically handles security concerns, reducing the chances of data breaches. Additionally, Django applications can be deployed on various platforms, including cloud services like AWS, Google Cloud, and Heroku. Its ability to scale and adapt to different environments makes it a robust choice for web development projects of any size.</p>\r\n\r\n<p style=\"text-align: justify;\">Beyond its core benefits, Django’s strong community support and extensive ecosystem of third-party libraries make it an even more powerful tool. Developers can leverage reusable apps, plugins, and integrations to enhance functionality without having to build everything from scratch. This makes Django a time-saving and efficient framework for projects of any scale.</p<", "status": "pub", "counted_views": 22, "created_date": "2025-03-08T14:02:07.055Z", "updated_date": "2025-03-24T10:00:39.393Z", "published_date": "2025-03-08T14:01:34Z", "category": [5, 6, 7]}}, {"model": "blog.post", "pk": 3, "fields": {"image": "blog/3.webp", "author": 2, "title": "Setting Up a Django Project", "content": "<p style=\"text-align: justify;\">Starting a Django project is simple and efficient. First, install Django using pip install django, then create a new project with django-admin startproject myproject. This command generates a structured directory with essential configurations, including settings, URLs, and WSGI files. Django’s project structure follows best practices, making it easier to scale and maintain applications over time.</p>\r\n\r\n<p style=\"text-align: justify;\">Once the project is created, navigate to its directory and run python manage.py runserver. This will start a development server, allowing you to view your project in a web browser at http://127.0.0.1:8000/. From here, you can begin adding apps, models, and views to shape your application. Django's modular approach allows you to create multiple apps within a project, keeping the codebase organized and maintainable. Additionally, setting up a virtual environment ensures that dependencies are properly managed, preventing conflicts with other projects.</p>\r\n\r\n<p style=\"text-align: justify;\">As you continue to build your Django project, it's important to follow best practices for version control, documentation, and code organization. Using Git for version control, keeping clear documentation, and structuring your project effectively will make long-term maintenance and collaboration much easier.</p>", "status": "pub", "counted_views": 5, "created_date": "2025-03-08T14:09:03.392Z", "updated_date": "2025-03-24T16:11:16.855Z", "published_date": "2025-03-08T14:09:01Z", "category": [3, 8]}}, {"model": "blog.post", "pk": 4, "fields": {"image": "blog/4.webp", "author": 2, "title": "Django Models and Databases", "content": "<p style=\"text-align: justify;\">Django’s ORM (Object-Relational Mapper) allows developers to interact with databases using Python instead of raw SQL queries. Models in Django define the structure of database tables using Python classes, making database management intuitive and efficient. Instead of manually writing SQL commands, developers can use Django's built-in functions to create, update, and retrieve records with ease.</p>\r\n\r\n<p style=\"text-align: justify;\">To apply changes to the database, use Django’s migration system: python manage.py makemigrations and python manage.py migrate. This keeps the database schema in sync with the defined models. Django supports multiple database backends, including PostgreSQL, MySQL, and SQLite, allowing developers to choose the best option for their project. Additionally, Django’s ORM supports complex queries, relationships, and data validation, ensuring smooth data handling throughout the application lifecycle.</p>\r\n\r\n<p style=\"text-align: justify;\">Understanding how Django’s ORM works is key to building efficient applications. By leveraging Django’s powerful database abstraction layer, developers can write cleaner code, avoid common database pitfalls, and ensure their applications run smoothly across different database systems.</p>", "status": "pub", "counted_views": 9, "created_date": "2025-03-08T14:11:05.991Z", "updated_date": "2025-03-10T07:31:11.453Z", "published_date": "2025-03-08T14:10:36Z", "category": [9, 10]}}, {"model": "blog.post", "pk": 5, "fields": {"image": "blog/5.webp", "author": 4, "title": "Creating Views and Templates in Django", "content": "<p style=\"text-align: justify;\">Django follows the Model-View-Template (MVT) architecture. Views handle business logic, while templates define the HTML structure for rendering data. By using Django's templating language, developers can create dynamic web pages with minimal effort. Templates allow for easy inclusion of variables, loops, and conditional statements, making it possible to generate content dynamically.</p>\r\n\r\n<p style=\"text-align: justify;\">For example, a simple view function in views.py might return an HTML template containing user data. Using Django’s template syntax, you can loop through data and apply conditional formatting. Additionally, Django’s template inheritance system helps developers avoid code duplication by defining a base template that other templates can extend. This ensures a consistent layout across multiple pages while keeping the code organized and manageable.</p>\r\n\r\n<p style=\"text-align: justify;\">With Django’s template system, developers can create highly dynamic web pages without relying heavily on JavaScript. This makes Django a great choice for projects where server-side rendering and SEO optimization are important considerations.</p>", "status": "pub", "counted_views": 2, "created_date": "2025-03-08T14:14:52.532Z", "updated_date": "2025-03-09T13:05:47.972Z", "published_date": "2025-03-08T14:14:44Z", "category": [5, 11, 12]}}, {"model": "blog.post", "pk": 6, "fields": {"image": "blog/6.webp", "author": 3, "title": "Working with Django Forms", "content": "<p style=\"text-align: justify;\">Forms in Django make handling user input easy and secure. Django provides a forms module that allows developers to create and validate forms efficiently. Instead of manually handling HTML forms, Django forms integrate seamlessly with views and models. Forms are essential for collecting user data, from simple contact forms to complex multi-step registration processes.</p>\r\n\r\n<p style=\"text-align: justify;\">For instance, defining a form class with forms.Form or forms.ModelForm simplifies data validation and processing. Django also offers CSRF protection, ensuring user input is handled securely. Additionally, Django’s form system includes built-in widgets that help render fields as HTML elements, making it easier to customize the look and feel of forms. By leveraging Django’s form handling capabilities, developers can create intuitive and secure user experiences.</p>\r\n\r\n<p style=\"text-align: justify;\">Using Django’s form capabilities allows for better data validation and user input handling. By integrating forms properly with models and views, developers can create powerful applications with user-friendly input mechanisms.</p>", "status": "pub", "counted_views": 1, "created_date": "2025-03-08T14:18:21.603Z", "updated_date": "2025-03-09T11:25:47.253Z", "published_date": "2025-03-08T14:17:49Z", "category": [13, 14]}}, {"model": "blog.post", "pk": 7, "fields": {"image": "", "author": 4, "title": "Django Authentication System", "content": "<p style=\"text-align: justify;\">Django comes with a built-in authentication system that makes handling user authentication easy. With just a few commands, developers can implement user registration, login, and logout functionalities. The authentication framework includes a robust password hashing system and supports user sessions, making it secure and reliable.</p>\r\n\r\n<p style=\"text-align: justify;\">To enable authentication, Django provides the django.contrib.auth module. You can use Django’s built-in views for login and logout or customize them to match your application’s requirements. Additionally, Django allows user permissions and groups, enabling role-based access control (RBAC). This makes it ideal for applications that require different access levels for different users, such as admin panels and membership-based platforms.</p>\r\n\r\n<p style=\"text-align: justify;\">By using Django’s authentication system, developers can secure their applications while keeping user management simple. Whether you're building a small web app or a large-scale platform, Django's authentication tools provide a solid foundation for managing user access and security.</p>", "status": "pub", "counted_views": 0, "created_date": "2025-03-08T14:20:28.955Z", "updated_date": "2025-03-09T06:27:12.853Z", "published_date": "2025-03-08T14:20:20Z", "category": [6, 15, 18]}}, {"model": "blog.post", "pk": 8, "fields": {"image": "", "author": 2, "title": "Deploying a Django application", "content": "<p style=\"text-align: justify;\">Once your Django project is complete, the next step is deployment. Deploying a Django application requires configuring a web server, setting up a database, and ensuring security best practices. Django applications can be deployed on various platforms, including cloud providers like AWS, Google Cloud, and DigitalOcean.</p>\r\n\r\n<p style=\"text-align: justify;\">To prepare for deployment, first, set DEBUG = False in settings.py to prevent exposing sensitive error messages. Then, configure a production-ready database such as PostgreSQL or MySQL. Using a web server like Nginx or Apache with Gunicorn or uWSGI ensures smooth request handling. Additionally, setting up environment variables and HTTPS (SSL/TLS) improves security.</p>\r\n\r\n<p style=\"text-align: justify;\">Django also supports containerization with Docker, making it easy to package and deploy applications consistently across different environments. By following best practices in deployment, you can ensure your Django application is scalable, secure, and ready for real-world use.</p>", "status": "pub", "counted_views": 0, "created_date": "2025-03-08T14:22:25.001Z", "updated_date": "2025-03-24T10:27:57.016Z", "published_date": "2025-03-08T14:22:20Z", "category": [16, 17, 19]}}, {"model": "blog.post", "pk": 11, "fields": {"image": "", "author": 4, "title": "test", "content": "this is a test post", "status": "drf", "counted_views": 0, "created_date": "2025-03-10T08:42:27.198Z", "updated_date": "2025-03-10T08:42:27.198Z", "published_date": "2025-03-09T12:23:00Z", "category": [20]}}, {"model": "blog.post", "pk": 13, "fields": {"image": "", "author": 14, "title": "former mission myself", "content": "Recognize kind floor mouth meeting adult. Piece modern different traditional show school. Present quality laugh raise teacher lawyer. Force oil speech ready drive.", "status": "pub", "counted_views": 0, "created_date": "2025-04-10T14:22:58.605Z", "updated_date": "2025-04-10T14:22:58.605Z", "published_date": "2025-04-10T14:22:58.009Z", "category": [15, 16]}}, {"model": "blog.post", "pk": 14, "fields": {"image": "", "author": 14, "title": "bad reason record", "content": "Worry stuff policy condition. Cause nice price market former machine ten. Small nation it collection myself. Rich kind movie purpose put. Indicate project simply. Wear turn public late however letter case.", "status": "pub", "counted_views": 0, "created_date": "2025-04-10T14:22:58.626Z", "updated_date": "2025-04-10T14:22:58.626Z", "published_date": "2025-04-10T14:22:58.009Z", "category": [3, 6, 17]}}, {"model": "blog.post", "pk": 15, "fields": {"image": "", "author": 14, "title": "type as yeah", "content": "Difficult number film become modern budget many. Little bad describe positive dream expect say. Writer window pick none west. Poor themselves next set reveal pick throw. Home charge military within today account Congress.", "status": "pub", "counted_views": 0, "created_date": "2025-04-10T14:22:58.642Z", "updated_date": "2025-04-10T14:22:58.642Z", "published_date": "2025-04-10T14:22:58.009Z", "category": [18, 19]}}, {"model": "blog.post", "pk": 16, "fields": {"image": "", "author": 14, "title": "be wrong line", "content": "Force expect concern think. Event test new resource. Tough call yes. President design cost bed provide alone recognize. Reason everything action night news who.", "status": "pub", "counted_views": 0, "created_date": "2025-04-10T14:22:58.658Z", "updated_date": "2025-04-10T14:22:58.658Z", "published_date": "2025-04-10T14:22:58.009Z", "category": [12, 14, 18]}}, {"model": "blog.post", "pk": 17, "fields": {"image": "", "author": 14, "title": "maybe fine art", "content": "Point like able all science yet computer. Because morning crime hotel research. These year break senior. Car argue enter but recent matter general.", "status": "pub", "counted_views": 0, "created_date": "2025-04-10T14:22:58.674Z", "updated_date": "2025-04-10T14:22:58.674Z", "published_date": "2025-04-10T14:22:58.009Z", "category": [10]}}, {"model": "blog.post", "pk": 18, "fields": {"image": "", "author": 14, "title": "learn economic party", "content": "Center dog number draw service. Specific fire vote true. One day me than reflect. Data include standard avoid system make. Floor he material group gas daughter. Way total develop road something yourself perform.", "status": "pub", "counted_views": 0, "created_date": "2025-04-10T14:22:58.691Z", "updated_date": "2025-04-10T14:22:58.691Z", "published_date": "2025-04-10T14:22:58.009Z", "category": [5, 13, 18]}}, {"model": "blog.post", "pk": 19, "fields": {"image": "", "author": 14, "title": "without gun agree", "content": "Develop camera ahead former leave four local. Half certain Mrs article. Really his discussion certain half experience clearly mission. Any imagine concern type. Late son kitchen financial practice include. Girl summer us show ball task will.", "status": "pub", "counted_views": 0, "created_date": "2025-04-10T14:22:58.707Z", "updated_date": "2025-04-10T14:22:58.707Z", "published_date": "2025-04-10T14:22:58.009Z", "category": [13]}}, {"model": "blog.post", "pk": 20, "fields": {"image": "", "author": 14, "title": "total air many", "content": "Wrong rock economic show fill toward. Require director represent factor break rule. Our third trade beyond name art than. Include end current happen. Figure create interview into save term picture if.", "status": "pub", "counted_views": 0, "created_date": "2025-04-10T14:22:58.725Z", "updated_date": "2025-04-10T14:22:58.725Z", "published_date": "2025-04-10T14:22:58.009Z", "category": [12, 18]}}, {"model": "blog.post", "pk": 21, "fields": {"image": "", "author": 14, "title": "office vote deep", "content": "Weight democratic language. Admit discuss consider meeting decide eight measure. Two year pass capital at talk light piece.", "status": "pub", "counted_views": 0, "created_date": "2025-04-10T14:22:58.741Z", "updated_date": "2025-04-10T14:22:58.741Z", "published_date": "2025-04-10T14:22:58.009Z", "category": [4, 15]}}, {"model": "blog.post", "pk": 22, "fields": {"image": "", "author": 14, "title": "exactly few professional", "content": "Reality agreement present send strategy check. Financial together piece third. Near choice painting second end. Its know example light operation today know sport.", "status": "pub", "counted_views": 0, "created_date": "2025-04-10T14:22:58.758Z", "updated_date": "2025-04-10T14:22:58.758Z", "published_date": "2025-04-10T14:22:58.009Z", "category": [7, 8, 20]}}, {"model": "blog.post", "pk": 23, "fields": {"image": "", "author": 15, "title": "player window respond", "content": "See require place prepare difficult trial loss. Garden Mr three talk civil brother. Subject factor floor care sign. Fill official office than. Section well anyone TV exist marriage American air. Language meeting difficult president official everybody.", "status": "pub", "counted_views": 0, "created_date": "2025-04-10T14:42:44.808Z", "updated_date": "2025-04-10T14:42:44.808Z", "published_date": "2025-04-10T14:42:44.126Z", "category": [7]}}, {"model": "blog.post", "pk": 24, "fields": {"image": "", "author": 15, "title": "course hard relationship", "content": "Front free site real fall. List bit especially fight term deep. Four national draw soon different full. Picture sit agreement imagine. Positive focus true still international market.", "status": "pub", "counted_views": 0, "created_date": "2025-04-10T14:42:44.828Z", "updated_date": "2025-04-10T14:42:44.828Z", "published_date": "2025-04-10T14:42:44.126Z", "category": [13, 17]}}, {"model": "blog.post", "pk": 25, "fields": {"image": "", "author": 15, "title": "effect still Mrs", "content": "Technology value store race public generation. Let long pick get. Customer should character grow which accept all recently.", "status": "pub", "counted_views": 0, "created_date": "2025-04-10T14:42:44.844Z", "updated_date": "2025-04-10T14:42:44.844Z", "published_date": "2025-04-10T14:42:44.126Z", "category": [13, 15, 18]}}, {"model": "blog.post", "pk": 26, "fields": {"image": "", "author": 15, "title": "seat then the", "content": "Along owner friend hour. Possible my say several involve pattern make. Book mean trouble bag eat job.", "status": "pub", "counted_views": 0, "created_date": "2025-04-10T14:42:44.859Z", "updated_date": "2025-04-10T14:42:44.859Z", "published_date": "2025-04-10T14:42:44.126Z", "category": [6, 16, 19]}}, {"model": "blog.post", "pk": 27, "fields": {"image": "", "author": 15, "title": "kind treatment small", "content": "Father cup officer put fear agree. Firm card woman difference. Special save story record onto color.", "status": "pub", "counted_views": 0, "created_date": "2025-04-10T14:42:44.874Z", "updated_date": "2025-04-10T14:42:44.874Z", "published_date": "2025-04-10T14:42:44.126Z", "category": [10, 13]}}, {"model": "blog.post", "pk": 28, "fields": {"image": "", "author": 15, "title": "sing interesting technology", "content": "Memory white ability answer. Available goal somebody color. Enter forward ten present energy.", "status": "pub", "counted_views": 0, "created_date": "2025-04-10T14:42:44.889Z", "updated_date": "2025-04-10T14:42:44.889Z", "published_date": "2025-04-10T14:42:44.126Z", "category": [6, 15]}}, {"model": "blog.post", "pk": 29, "fields": {"image": "", "author": 15, "title": "administration wife team", "content": "Quickly follow seven past ten society maintain. Understand stop step. Table may authority hair. Turn dinner debate current game.", "status": "pub", "counted_views": 0, "created_date": "2025-04-10T14:42:44.904Z", "updated_date": "2025-04-10T14:42:44.904Z", "published_date": "2025-04-10T14:42:44.126Z", "category": [15, 16, 18]}}, {"model": "blog.post", "pk": 30, "fields": {"image": "", "author": 15, "title": "amount production night", "content": "Enjoy Mr evening gas. Interest together sort if necessary identify both. Population court heart north source image several.", "status": "pub", "counted_views": 0, "created_date": "2025-04-10T14:42:44.918Z", "updated_date": "2025-04-10T14:42:44.918Z", "published_date": "2025-04-10T14:42:44.126Z", "category": [6, 10, 17]}}, {"model": "blog.post", "pk": 31, "fields": {"image": "", "author": 15, "title": "perform member summer", "content": "Hospital maybe move system us long. Bar as red crime teacher everyone high. Actually thing entire me can fight.", "status": "pub", "counted_views": 0, "created_date": "2025-04-10T14:42:44.933Z", "updated_date": "2025-04-10T14:42:44.933Z", "published_date": "2025-04-10T14:42:44.126Z", "category": [4, 15, 20]}}, {"model": "blog.post", "pk": 32, "fields": {"image": "", "author": 15, "title": "wait top interest", "content": "Worker do everybody someone least probably hotel source. Everyone sense able than century. Hospital then early guy manager.", "status": "pub", "counted_views": 0, "created_date": "2025-04-10T14:42:44.948Z", "updated_date": "2025-04-10T14:42:44.948Z", "published_date": "2025-04-10T14:42:44.126Z", "category": [13]}}, {"model": "blog.category", "pk": 3, "fields": {"name": "Getting Started"}}, {"model": "blog.category", "pk": 4, "fields": {"name": "Web Development"}}, {"model": "blog.category", "pk": 5, "fields": {"name": "Benefits of Django"}}, {"model": "blog.category", "pk": 6, "fields": {"name": "Security"}}, {"model": "blog.category", "pk": 7, "fields": {"name": "Scalability"}}, {"model": "blog.category", "pk": 8, "fields": {"name": "Project Setup"}}, {"model": "blog.category", "pk": 9, "fields": {"name": "Database Management"}}, {"model": "blog.category", "pk": 10, "fields": {"name": "Backend Development"}}, {"model": "blog.category", "pk": 11, "fields": {"name": "Frontend Development"}}, {"model": "blog.category", "pk": 12, "fields": {"name": "MVT Architecture"}}, {"model": "blog.category", "pk": 13, "fields": {"name": "User Input Handling"}}, {"model": "blog.category", "pk": 14, "fields": {"name": "Forms & Validation"}}, {"model": "blog.category", "pk": 15, "fields": {"name": "User Management"}}, {"model": "blog.category", "pk": 16, "fields": {"name": "Deployment"}}, {"model": "blog.category", "pk": 17, "fields": {"name": "Performance Optimization"}}, {"model": "blog.category", "pk": 18, "fields": {"name": "Authentication"}}, {"model": "blog.category", "pk": 19, "fields": {"name": "Web Hosting"}}, {"model": "blog.category", "pk": 20, "fields": {"name": "new category for tesT"}}, {"model": "comment.comment", "pk": 2, "fields": {"post": 4, "name": "", "email": "admin@admin.com", "subject": "new test", "message": "I think it's a nice and usefull post and something else for test", "recommend": "yes", "approved": true, "created_date": "2025-03-10T06:58:18.565Z", "updated_date": "2025-03-24T15:59:54.151Z"}}, {"model": "comment.comment", "pk": 4, "fields": {"post": 2, "name": "", "email": "test@test.com", "subject": "test message", "message": "It's a very good post and I think every developer must see it", "recommend": "yes", "approved": true, "created_date": "2025-03-24T16:17:37.275Z", "updated_date": "2025-03-24T16:18:03.909Z"}}, {"model": "comment.comment", "pk": 5, "fields": {"post": 7, "name": "", "email": "admin@admin.com", "subject": "test", "message": "test for django authentication", "recommend": "yes", "approved": false, "created_date": "2025-04-09T05:59:59.575Z", "updated_date": "2025-04-09T05:59:59.575Z"}}, {"model": "captcha.captchastore", "pk": 566, "fields": {"challenge": "OGGC", "response": "oggc", "hashkey": "34316ef671456b7377d5f37a58f85d3b3c00ccad", "expiration": "2025-04-02T12:10:35.803Z"}}, {"model": "captcha.captchastore", "pk": 568, "fields": {"challenge": "MWXN", "response": "mwxn", "hashkey": "c5396b91c199b188263533161f9fed434eaddf91", "expiration": "2025-04-02T12:17:15.187Z"}}, {"model": "captcha.captchastore", "pk": 569, "fields": {"challenge": "FVKG", "response": "fvkg", "hashkey": "f9acb8baf54bfc30d3497ed2940d5c4acc931cae", "expiration": "2025-04-02T12:17:15.203Z"}}, {"model": "captcha.captchastore", "pk": 570, "fields": {"challenge": "XNUZ", "response": "xnuz", "hashkey": "a806b5336965c5060019cc359b96ede3d252090b", "expiration": "2025-04-02T12:17:15.214Z"}}, {"model": "captcha.captchastore", "pk": 571, "fields": {"challenge": "FFTD", "response": "fftd", "hashkey": "dc45f4d1dce04eae2ac58a114e7f67a4d650cbc4", "expiration": "2025-04-02T12:17:15.223Z"}}, {"model": "captcha.captchastore", "pk": 572, "fields": {"challenge": "BOCW", "response": "bocw", "hashkey": "5ac52063f33863d65e4e299644c6f3cc916f642a", "expiration": "2025-04-02T12:17:15.240Z"}}, {"model": "captcha.captchastore", "pk": 573, "fields": {"challenge": "PNGC", "response": "pngc", "hashkey": "99c4771ae488a616ffee5f1808d64e3f50b30d41", "expiration": "2025-04-02T12:17:18.724Z"}}, {"model": "captcha.captchastore", "pk": 574, "fields": {"challenge": "NPWH", "response": "npwh", "hashkey": "8ebe27e8348cdd626c88517c8ad744984e382217", "expiration": "2025-04-02T12:17:18.732Z"}}, {"model": "captcha.captchastore", "pk": 575, "fields": {"challenge": "LEPD", "response": "lepd", "hashkey": "0c9836dde452769fd906644c5998b3641defc2bc", "expiration": "2025-04-02T12:17:18.741Z"}}, {"model": "captcha.captchastore", "pk": 576, "fields": {"challenge": "WLYR", "response": "wlyr", "hashkey": "c9c311ea004baa914bee011d3066279509358040", "expiration": "2025-04-02T12:27:58.894Z"}}, {"model": "captcha.captchastore", "pk": 577, "fields": {"challenge": "AXRW", "response": "axrw", "hashkey": "2b1bd070fb6a216879d43608ae5e5dd510cb5153", "expiration": "2025-04-02T12:27:58.905Z"}}, {"model": "captcha.captchastore", "pk": 578, "fields": {"challenge": "OEHX", "response": "oehx", "hashkey": "020d283b0857c682bffd6ba22c71f132be085380", "expiration": "2025-04-02T12:27:58.915Z"}}, {"model": "captcha.captchastore", "pk": 579, "fields": {"challenge": "QLCN", "response": "qlcn", "hashkey": "53e1b05b0a8ccba5d6c760d41074c8ded0bcd862", "expiration": "2025-04-02T12:29:18.934Z"}}, {"model": "captcha.captchastore", "pk": 580, "fields": {"challenge": "DDIY", "response": "ddiy", "hashkey": "d703707770a6caa54e8cfbdfc963973aca508937", "expiration": "2025-04-02T12:29:18.943Z"}}, {"model": "captcha.captchastore", "pk": 581, "fields": {"challenge": "IPBI", "response": "ipbi", "hashkey": "911a1871b23ba1d57596e5ec7f2b23bc2419d2d3", "expiration": "2025-04-02T12:29:18.952Z"}}, {"model": "captcha.captchastore", "pk": 582, "fields": {"challenge": "TJHI", "response": "tjhi", "hashkey": "73bc068567d3311cd9cad7aa8439a10ea21bc132", "expiration": "2025-04-02T12:29:39.699Z"}}, {"model": "captcha.captchastore", "pk": 583, "fields": {"challenge": "QEAK", "response": "qeak", "hashkey": "03e5bc6dde51f6f86cbe13cd41accd784e911d34", "expiration": "2025-04-02T12:29:39.709Z"}}, {"model": "captcha.captchastore", "pk": 584, "fields": {"challenge": "AZYP", "response": "azyp", "hashkey": "b23ee9577081f399fe71e4641fef2fd44608165a", "expiration": "2025-04-02T12:29:39.718Z"}}, {"model": "captcha.captchastore", "pk": 585, "fields": {"challenge": "ATVV", "response": "atvv", "hashkey": "6b8e4fb561fee8f95bc6d81ada7217f98220f925", "expiration": "2025-04-02T12:29:49.003Z"}}, {"model": "captcha.captchastore", "pk": 586, "fields": {"challenge": "EZGC", "response": "ezgc", "hashkey": "f8a304055745ff5f801c577b5d815a709b2e4f63", "expiration": "2025-04-02T12:29:49.012Z"}}, {"model": "captcha.captchastore", "pk": 587, "fields": {"challenge": "PJLN", "response": "pjln", "hashkey": "88c7d1979f1a49d2e46dc2032409575e9887e9d9", "expiration": "2025-04-02T12:29:49.021Z"}}, {"model": "captcha.captchastore", "pk": 588, "fields": {"challenge": "XEBN", "response": "xebn", "hashkey": "d26945623f59e04af64b34c18c6b49bbb9428229", "expiration": "2025-04-02T12:29:49.030Z"}}, {"model": "captcha.captchastore", "pk": 589, "fields": {"challenge": "ACQN", "response": "acqn", "hashkey": "7bc76a091d5d39768133deea55aa73bc626c9a7f", "expiration": "2025-04-02T12:29:49.039Z"}}, {"model": "captcha.captchastore", "pk": 590, "fields": {"challenge": "FIHY", "response": "fihy", "hashkey": "e12f37502c06fe9eb5f928aff95eeb449530a67e", "expiration": "2025-04-02T12:29:58.693Z"}}, {"model": "captcha.captchastore", "pk": 591, "fields": {"challenge": "RNNS", "response": "rnns", "hashkey": "ec6f17a19b72b14825546ad497a31239359722bf", "expiration": "2025-04-02T12:29:58.703Z"}}, {"model": "captcha.captchastore", "pk": 592, "fields": {"challenge": "PZDD", "response": "pzdd", "hashkey": "129ad15963eeafb5a1cd5da339389bd972873818", "expiration": "2025-04-02T12:29:58.712Z"}}, {"model": "captcha.captchastore", "pk": 593, "fields": {"challenge": "WRFV", "response": "wrfv", "hashkey": "ae223096743757c57741215687703975706faa46", "expiration": "2025-04-02T12:30:05.443Z"}}, {"model": "captcha.captchastore", "pk": 594, "fields": {"challenge": "BCAB", "response": "bcab", "hashkey": "d5ad7a3f4fe5eb843c1059848769539eaf8cbe7a", "expiration": "2025-04-02T12:30:05.463Z"}}, {"model": "captcha.captchastore", "pk": 595, "fields": {"challenge": "WNBW", "response": "wnbw", "hashkey": "b6aef083246c943d63067f82a4451f49adcb1cfd", "expiration": "2025-04-02T12:30:05.472Z"}}, {"model": "captcha.captchastore", "pk": 596, "fields": {"challenge": "TIHR", "response": "tihr", "hashkey": "017cead2b6b9d302c1343f2862271c0057343605", "expiration": "2025-04-02T12:30:15.716Z"}}, {"model": "captcha.captchastore", "pk": 597, "fields": {"challenge": "TDVU", "response": "tdvu", "hashkey": "143aa7049e436a64791cd5d07597a58645583145", "expiration": "2025-04-02T12:30:15.724Z"}}, {"model": "captcha.captchastore", "pk": 598, "fields": {"challenge": "XQTR", "response": "xqtr", "hashkey": "021a13ae8e37380ebdbcfacf3f744d4aa2d877bf", "expiration": "2025-04-02T12:30:15.735Z"}}, {"model": "captcha.captchastore", "pk": 599, "fields": {"challenge": "NJBG", "response": "njbg", "hashkey": "deb7cf5b90bba9be1439bf7b6a98af387072db94", "expiration": "2025-04-02T12:30:36.788Z"}}, {"model": "captcha.captchastore", "pk": 600, "fields": {"challenge": "MTPQ", "response": "mtpq", "hashkey": "3682fc23948b04aa8ed19458b264e3a0b65207f7", "expiration": "2025-04-02T12:30:37.075Z"}}, {"model": "captcha.captchastore", "pk": 601, "fields": {"challenge": "DJKB", "response": "djkb", "hashkey": "24b029cf7c3cc8d9063395bd62c6d9552828fc1a", "expiration": "2025-04-02T12:30:37.086Z"}}, {"model": "captcha.captchastore", "pk": 602, "fields": {"challenge": "WHKR", "response": "whkr", "hashkey": "fcf1ea4ff18296a862060cdee103e87c3556c7e6", "expiration": "2025-04-02T12:36:27.736Z"}}, {"model": "captcha.captchastore", "pk": 603, "fields": {"challenge": "BXCC", "response": "bxcc", "hashkey": "c07632aa43669fdbd1dd2a032f88273df954466a", "expiration": "2025-04-02T12:36:27.744Z"}}, {"model": "captcha.captchastore", "pk": 604, "fields": {"challenge": "EFGP", "response": "efgp", "hashkey": "fe74f41afd4285c17841b4481a4fc07368b8dc3b", "expiration": "2025-04-02T12:36:27.753Z"}}, {"model": "captcha.captchastore", "pk": 605, "fields": {"challenge": "BUCE", "response": "buce", "hashkey": "f474d982cfff2c44241816792630a45740ab3433", "expiration": "2025-04-02T12:36:27.761Z"}}, {"model": "captcha.captchastore", "pk": 606, "fields": {"challenge": "UZIM", "response": "uzim", "hashkey": "536946001b44bee257973c1ca8f3181c60b50e95", "expiration": "2025-04-02T12:36:27.770Z"}}, {"model": "captcha.captchastore", "pk": 607, "fields": {"challenge": "BLTY", "response": "blty", "hashkey": "42b658861b96ad12c6e52c7ab9031047f51ae7e3", "expiration": "2025-04-02T12:36:38.008Z"}}, {"model": "captcha.captchastore", "pk": 608, "fields": {"challenge": "NJNY", "response": "njny", "hashkey": "52761dc0c6896822e35e6e730d737a5e016c25d7", "expiration": "2025-04-02T12:36:38.027Z"}}, {"model": "captcha.captchastore", "pk": 609, "fields": {"challenge": "FHVM", "response": "fhvm", "hashkey": "3347fa5ec119b70993b86d290b3b817f9c537890", "expiration": "2025-04-02T12:36:38.035Z"}}, {"model": "captcha.captchastore", "pk": 610, "fields": {"challenge": "ROPE", "response": "rope", "hashkey": "88674f12319550568c304b23509abe080a234163", "expiration": "2025-04-02T12:36:47.669Z"}}, {"model": "captcha.captchastore", "pk": 611, "fields": {"challenge": "LAPW", "response": "lapw", "hashkey": "b976304380298655252911f2e454280bef54c6e7", "expiration": "2025-04-02T12:36:47.678Z"}}, {"model": "captcha.captchastore", "pk": 612, "fields": {"challenge": "GLFJ", "response": "glfj", "hashkey": "2ef5d48806632054e82f0de0ec2eabba3f2ea4d9", "expiration": "2025-04-02T12:36:47.687Z"}}, {"model": "captcha.captchastore", "pk": 613, "fields": {"challenge": "KFDN", "response": "kfdn", "hashkey": "406e1e74c9eda06216164fcef9bcf44b37b656d2", "expiration": "2025-04-02T12:37:13.270Z"}}, {"model": "captcha.captchastore", "pk": 614, "fields": {"challenge": "UOOK", "response": "uook", "hashkey": "4e0e8adcc24817cba37f812257be00aafe6337c9", "expiration": "2025-04-02T12:37:13.549Z"}}, {"model": "captcha.captchastore", "pk": 615, "fields": {"challenge": "QSBP", "response": "qsbp", "hashkey": "a8612c5a5d6b187b18aabfaae96891837e7c74e4", "expiration": "2025-04-02T12:37:13.558Z"}}, {"model": "captcha.captchastore", "pk": 616, "fields": {"challenge": "NICG", "response": "nicg", "hashkey": "88a58f4a2504a628d374dfd1f53f145d73062d02", "expiration": "2025-04-02T12:56:21.941Z"}}, {"model": "captcha.captchastore", "pk": 617, "fields": {"challenge": "HTSC", "response": "htsc", "hashkey": "c898dff6e5217cf9115fd8a5b022b4a3465460e7", "expiration": "2025-04-02T12:56:21.953Z"}}, {"model": "captcha.captchastore", "pk": 618, "fields": {"challenge": "GEJL", "response": "gejl", "hashkey": "605c43b94dd20a721c4ac3b795daab081337191d", "expiration": "2025-04-02T12:56:21.964Z"}}, {"model": "captcha.captchastore", "pk": 619, "fields": {"challenge": "QDMT", "response": "qdmt", "hashkey": "97abdeecd598aae60be3c1ce76823704dd39a4f6", "expiration": "2025-04-02T12:56:21.977Z"}}, {"model": "captcha.captchastore", "pk": 620, "fields": {"challenge": "OIAB", "response": "oiab", "hashkey": "5fafbe59bf32ed4eca0d0b1720533dbbe7f01a80", "expiration": "2025-04-02T12:56:21.992Z"}}, {"model": "captcha.captchastore", "pk": 621, "fields": {"challenge": "ZJRA", "response": "zjra", "hashkey": "d109bcbca1ca69582048fd79d9c7d19ae630591e", "expiration": "2025-04-02T12:56:22.000Z"}}, {"model": "captcha.captchastore", "pk": 622, "fields": {"challenge": "NJBA", "response": "njba", "hashkey": "70ddc2d8cb86236cf14987b40908343b9ddf6017", "expiration": "2025-04-02T12:56:22.010Z"}}, {"model": "captcha.captchastore", "pk": 623, "fields": {"challenge": "TCBN", "response": "tcbn", "hashkey": "314ee43afe04acfb0a4ffea9fd91db4f4de86718", "expiration": "2025-04-02T12:56:22.020Z"}}, {"model": "captcha.captchastore", "pk": 624, "fields": {"challenge": "EBXJ", "response": "ebxj", "hashkey": "0baeaf8d9be097a6d0af040340bd6544aad49f55", "expiration": "2025-04-02T12:56:22.036Z"}}, {"model": "captcha.captchastore", "pk": 625, "fields": {"challenge": "SOXS", "response": "soxs", "hashkey": "7307cbde54589f372992e5b730a64d06bf5b6348", "expiration": "2025-04-02T12:56:22.045Z"}}, {"model": "captcha.captchastore", "pk": 626, "fields": {"challenge": "LZEY", "response": "lzey", "hashkey": "922d16e4a7979f8676b176db55d39a053a66771a", "expiration": "2025-04-02T12:56:22.054Z"}}, {"model": "captcha.captchastore", "pk": 627, "fields": {"challenge": "ZZCM", "response": "zzcm", "hashkey": "2fa09a665d7755f34ee87f040e5041dff7ecdb2f", "expiration": "2025-04-02T12:56:22.064Z"}}, {"model": "captcha.captchastore", "pk": 628, "fields": {"challenge": "NJMR", "response": "njmr", "hashkey": "0f5a53a61d551b6e14d8a20562035a32e3094b5a", "expiration": "2025-04-02T12:56:22.075Z"}}, {"model": "captcha.captchastore", "pk": 629, "fields": {"challenge": "RBOI", "response": "rboi", "hashkey": "0219963d0c221a76f8729cc9533160d7e4b542f3", "expiration": "2025-04-02T12:56:22.083Z"}}, {"model": "captcha.captchastore", "pk": 630, "fields": {"challenge": "IUBA", "response": "iuba", "hashkey": "9ce9b9d03d6a31ae3ef0484be41271439ae48a82", "expiration": "2025-04-02T12:56:22.093Z"}}, {"model": "captcha.captchastore", "pk": 631, "fields": {"challenge": "DAYB", "response": "dayb", "hashkey": "65e496f9fc6589ce786f064f10c0dfb0ea278d2a", "expiration": "2025-04-02T12:56:22.102Z"}}, {"model": "captcha.captchastore", "pk": 632, "fields": {"challenge": "PGFL", "response": "pgfl", "hashkey": "8e202f54091aac820e23bbf57da69117e0711b4b", "expiration": "2025-04-02T12:56:22.113Z"}}, {"model": "captcha.captchastore", "pk": 633, "fields": {"challenge": "VUVY", "response": "vuvy", "hashkey": "cd145c02a2ffc9879af9f3814a4524d29417a78c", "expiration": "2025-04-02T12:56:22.122Z"}}, {"model": "captcha.captchastore", "pk": 634, "fields": {"challenge": "XFAL", "response": "xfal", "hashkey": "1f5ca11fbe863a11f11bcb6aac9b7b84e3502a5e", "expiration": "2025-04-02T12:56:22.131Z"}}, {"model": "captcha.captchastore", "pk": 635, "fields": {"challenge": "KTLR", "response": "ktlr", "hashkey": "4ac99636d44bae535c921b4317ce478515023a93", "expiration": "2025-04-02T12:56:22.142Z"}}, {"model": "captcha.captchastore", "pk": 636, "fields": {"challenge": "CNMM", "response": "cnmm", "hashkey": "c8d10a66291e41a867b4fa5c5a5d88b254ebb083", "expiration": "2025-04-02T12:56:22.153Z"}}, {"model": "captcha.captchastore", "pk": 637, "fields": {"challenge": "LKTB", "response": "lktb", "hashkey": "3b1d1e80436b5582557442b74bd3a92e31cd634f", "expiration": "2025-04-02T12:56:22.165Z"}}, {"model": "captcha.captchastore", "pk": 638, "fields": {"challenge": "TNSD", "response": "tnsd", "hashkey": "0b065d4c0c6670f5369e5063c4eb94df62614644", "expiration": "2025-04-02T12:56:22.175Z"}}, {"model": "captcha.captchastore", "pk": 639, "fields": {"challenge": "CZMO", "response": "czmo", "hashkey": "622ff14efc55d2b33a91b8dec4532d649b45476e", "expiration": "2025-04-02T12:56:22.184Z"}}, {"model": "captcha.captchastore", "pk": 640, "fields": {"challenge": "XGQM", "response": "xgqm", "hashkey": "f0e72906bbb79f9fe8b1ef0a36729e3626e28fe4", "expiration": "2025-04-02T12:56:22.200Z"}}, {"model": "captcha.captchastore", "pk": 641, "fields": {"challenge": "ZPWK", "response": "zpwk", "hashkey": "da65a24bf813fe4ffd94a18541867233708c1dcf", "expiration": "2025-04-02T12:56:22.210Z"}}, {"model": "captcha.captchastore", "pk": 642, "fields": {"challenge": "FKCO", "response": "fkco", "hashkey": "042a6e0ffd7493b6118f433537e1c7e0d76945ca", "expiration": "2025-04-02T12:56:22.220Z"}}, {"model": "captcha.captchastore", "pk": 643, "fields": {"challenge": "OPDU", "response": "opdu", "hashkey": "38761e757b22d37d5f8ecb556ad68d74fbdf2bd8", "expiration": "2025-04-02T12:56:22.229Z"}}, {"model": "captcha.captchastore", "pk": 644, "fields": {"challenge": "DAQG", "response": "daqg", "hashkey": "82a41f8743284155e45613a34b23a36d629cb296", "expiration": "2025-04-03T07:34:59.256Z"}}, {"model": "captcha.captchastore", "pk": 645, "fields": {"challenge": "TPZF", "response": "tpzf", "hashkey": "bcb597d4e8092fadde45791e96f03a5d308af999", "expiration": "2025-04-03T07:34:59.280Z"}}, {"model": "captcha.captchastore", "pk": 646, "fields": {"challenge": "FAME", "response": "fame", "hashkey": "1d1a25147dec020146e078e536de5635339b73f6", "expiration": "2025-04-03T07:34:59.324Z"}}, {"model": "captcha.captchastore", "pk": 647, "fields": {"challenge": "ZWXS", "response": "zwxs", "hashkey": "84f061d9884c2343ea708f14d44ef24c2aa6a97d", "expiration": "2025-04-03T07:55:29.303Z"}}, {"model": "captcha.captchastore", "pk": 648, "fields": {"challenge": "LDJD", "response": "ldjd", "hashkey": "994f3f085d82689f2099f2fa3dccf6be3ea6ffb6", "expiration": "2025-04-03T07:55:29.324Z"}}, {"model": "captcha.captchastore", "pk": 649, "fields": {"challenge": "TVZQ", "response": "tvzq", "hashkey": "250677faaec485e3eba9f0dbe4ec206ea890034a", "expiration": "2025-04-03T07:55:29.357Z"}}, {"model": "captcha.captchastore", "pk": 650, "fields": {"challenge": "HCVN", "response": "hcvn", "hashkey": "c84a235fe09ec6342d82c33a2225d193ff2cb44a", "expiration": "2025-04-03T07:55:53.980Z"}}, {"model": "captcha.captchastore", "pk": 651, "fields": {"challenge": "QBZY", "response": "qbzy", "hashkey": "0170f21ad04e536f1b316398d84b832b4cb8c729", "expiration": "2025-04-03T07:55:54.167Z"}}, {"model": "captcha.captchastore", "pk": 652, "fields": {"challenge": "DMKC", "response": "dmkc", "hashkey": "f1863a616e4401533dc5b606736401e98d7b2605", "expiration": "2025-04-03T07:55:54.177Z"}}, {"model": "captcha.captchastore", "pk": 653, "fields": {"challenge": "VNUR", "response": "vnur", "hashkey": "158331a5574adbe4c84daa27a29f65a3ebfbf82e", "expiration": "2025-04-03T07:59:51.710Z"}}, {"model": "captcha.captchastore", "pk": 654, "fields": {"challenge": "TIWE", "response": "tiwe", "hashkey": "7312b4be8e8d027ad45146838f670bbef7d094f3", "expiration": "2025-04-03T07:59:51.719Z"}}, {"model": "captcha.captchastore", "pk": 655, "fields": {"challenge": "ZKTU", "response": "zktu", "hashkey": "e56367c6d78aaa947f847b490d6bfeca0ae521b6", "expiration": "2025-04-03T07:59:51.731Z"}}, {"model": "captcha.captchastore", "pk": 656, "fields": {"challenge": "JEPW", "response": "jepw", "hashkey": "4d51640f53d0ae745480dc8db0831d09c709716e", "expiration": "2025-04-03T08:00:03.954Z"}}, {"model": "captcha.captchastore", "pk": 657, "fields": {"challenge": "QTNF", "response": "qtnf", "hashkey": "ecdc7a22463163f2d0c721692feba5e89e0a8eaa", "expiration": "2025-04-03T08:00:03.966Z"}}, {"model": "captcha.captchastore", "pk": 658, "fields": {"challenge": "RTKJ", "response": "rtkj", "hashkey": "8cfec18097378b5fa3bbc4e79c5b6b18fea894eb", "expiration": "2025-04-03T08:00:03.979Z"}}, {"model": "captcha.captchastore", "pk": 659, "fields": {"challenge": "DDBE", "response": "ddbe", "hashkey": "0672f69338f13a1a509624fce2f454897c92abd9", "expiration": "2025-04-03T08:31:56.220Z"}}, {"model": "captcha.captchastore", "pk": 660, "fields": {"challenge": "NIDN", "response": "nidn", "hashkey": "800bfed14a829b0cd83a8cc9086de8914dcd73f2", "expiration": "2025-04-03T08:31:56.238Z"}}, {"model": "captcha.captchastore", "pk": 661, "fields": {"challenge": "QKIC", "response": "qkic", "hashkey": "6a5d0ade6efce4b8805ef79082438af39e95323b", "expiration": "2025-04-03T08:31:56.296Z"}}, {"model": "captcha.captchastore", "pk": 662, "fields": {"challenge": "FFYS", "response": "ffys", "hashkey": "cb83e4f2012139a9d925f7d087d2ad922be11b18", "expiration": "2025-04-03T08:46:47.337Z"}}, {"model": "captcha.captchastore", "pk": 663, "fields": {"challenge": "RAVS", "response": "ravs", "hashkey": "f63e57d76a0c3eade95f1019e13dcb3a914deff9", "expiration": "2025-04-03T08:46:47.356Z"}}, {"model": "captcha.captchastore", "pk": 664, "fields": {"challenge": "CTEL", "response": "ctel", "hashkey": "952df88203ff4c46d80607360b91db162a009fe5", "expiration": "2025-04-03T08:46:47.390Z"}}, {"model": "captcha.captchastore", "pk": 665, "fields": {"challenge": "DOBW", "response": "dobw", "hashkey": "748e3ee9b89f166310b8553a94533db6ce8e8d07", "expiration": "2025-04-03T08:46:56.992Z"}}, {"model": "captcha.captchastore", "pk": 666, "fields": {"challenge": "HSSG", "response": "hssg", "hashkey": "9133be0b31d602bb16057475ef03017690065c72", "expiration": "2025-04-03T08:46:57.003Z"}}, {"model": "captcha.captchastore", "pk": 667, "fields": {"challenge": "TINF", "response": "tinf", "hashkey": "b2fdd21d76ee1a90e9e1d158339fbbc3e201e918", "expiration": "2025-04-03T08:46:57.014Z"}}, {"model": "captcha.captchastore", "pk": 668, "fields": {"challenge": "FXML", "response": "fxml", "hashkey": "cbe1cfda91a562b0a8878e0b1267fa605b6bd501", "expiration": "2025-04-03T08:46:59.811Z"}}, {"model": "captcha.captchastore", "pk": 669, "fields": {"challenge": "WSBR", "response": "wsbr", "hashkey": "6c59c52b9ba7a92556a4ecc0c43d900298e3b827", "expiration": "2025-04-03T08:46:59.821Z"}}, {"model": "captcha.captchastore", "pk": 670, "fields": {"challenge": "HXFS", "response": "hxfs", "hashkey": "21eb864553ea9a6446a2911d44d8fe9fef86787c", "expiration": "2025-04-03T08:46:59.831Z"}}, {"model": "captcha.captchastore", "pk": 671, "fields": {"challenge": "ZGRS", "response": "zgrs", "hashkey": "c4b77d90cf7d0371de1d291e81df13f1faab0ed5", "expiration": "2025-04-03T08:47:30.311Z"}}, {"model": "captcha.captchastore", "pk": 672, "fields": {"challenge": "KAWA", "response": "kawa", "hashkey": "fae82bde3d2630e74cd83e9814a458d08672fd2f", "expiration": "2025-04-03T08:47:30.329Z"}}, {"model": "captcha.captchastore", "pk": 673, "fields": {"challenge": "ZFZT", "response": "zfzt", "hashkey": "3beb7fbb9a70b53a23b80832460bb337e1db3182", "expiration": "2025-04-03T08:47:30.362Z"}}, {"model": "captcha.captchastore", "pk": 674, "fields": {"challenge": "EZSG", "response": "ezsg", "hashkey": "c0e23401f9b1bc86bd887eabd13f02fed88886ac", "expiration": "2025-04-03T08:48:31.145Z"}}, {"model": "captcha.captchastore", "pk": 675, "fields": {"challenge": "WVSV", "response": "wvsv", "hashkey": "5bcb29ca1d33e6f4abddb6a28d6a7e03e80d50e4", "expiration": "2025-04-03T08:48:31.170Z"}}, {"model": "captcha.captchastore", "pk": 676, "fields": {"challenge": "RSIV", "response": "rsiv", "hashkey": "1fcb10572b91efdf101100d8d5fa7d35c82d7cdd", "expiration": "2025-04-03T08:48:56.022Z"}}, {"model": "captcha.captchastore", "pk": 677, "fields": {"challenge": "ZHUM", "response": "zhum", "hashkey": "a6aeb1e4c1054474f765a0f2dbdbcedda30e193e", "expiration": "2025-04-03T08:48:56.042Z"}}, {"model": "captcha.captchastore", "pk": 678, "fields": {"challenge": "RESP", "response": "resp", "hashkey": "e4e61ce063f6d1e34ced8c8831998058d950dfe4", "expiration": "2025-04-03T08:48:56.052Z"}}, {"model": "captcha.captchastore", "pk": 679, "fields": {"challenge": "ZIRT", "response": "zirt", "hashkey": "43aa32b0804042ad9c73a4779b296fcef4d67c97", "expiration": "2025-04-03T08:49:21.088Z"}}, {"model": "captcha.captchastore", "pk": 680, "fields": {"challenge": "SXGM", "response": "sxgm", "hashkey": "93be76497eb05c956bd7b1614831c23527134f63", "expiration": "2025-04-03T08:49:21.107Z"}}, {"model": "captcha.captchastore", "pk": 681, "fields": {"challenge": "FZQV", "response": "fzqv", "hashkey": "a6246f82ae0badabd2fb854e3193d80d63521133", "expiration": "2025-04-03T08:49:21.117Z"}}, {"model": "captcha.captchastore", "pk": 682, "fields": {"challenge": "ZXAK", "response": "zxak", "hashkey": "fc34b2ef211627ab67667f13fd6a92e3da48ece2", "expiration": "2025-04-03T08:49:38.549Z"}}, {"model": "captcha.captchastore", "pk": 683, "fields": {"challenge": "CCRW", "response": "ccrw", "hashkey": "2b3c50a7577542b52221a16cd3fb9584cf9bae2d", "expiration": "2025-04-03T08:49:38.701Z"}}, {"model": "captcha.captchastore", "pk": 684, "fields": {"challenge": "TRHV", "response": "trhv", "hashkey": "09b208d3dc2e8ed6487d9647d30ec59e0c0ccb9a", "expiration": "2025-04-03T08:49:38.711Z"}}, {"model": "captcha.captchastore", "pk": 685, "fields": {"challenge": "UOXZ", "response": "uoxz", "hashkey": "0ccf48e4ff7b60aacba74ef1ffcf95003df24ccc", "expiration": "2025-04-03T08:49:53.490Z"}}, {"model": "captcha.captchastore", "pk": 686, "fields": {"challenge": "HACO", "response": "haco", "hashkey": "7337e05c7c6b610501f5cbdad602b05e8591dc17", "expiration": "2025-04-03T08:49:53.501Z"}}, {"model": "captcha.captchastore", "pk": 687, "fields": {"challenge": "CBNF", "response": "cbnf", "hashkey": "209e624b0cc5004545091a198f3a887577d0f64f", "expiration": "2025-04-03T08:49:53.511Z"}}, {"model": "captcha.captchastore", "pk": 688, "fields": {"challenge": "MVUC", "response": "mvuc", "hashkey": "0af1d32b3cd48fcdb6c8cb5717036f3c87aa07ec", "expiration": "2025-04-03T08:50:21.100Z"}}, {"model": "captcha.captchastore", "pk": 689, "fields": {"challenge": "MNDH", "response": "mndh", "hashkey": "778df6d9ac2d40d9d640aef7ddc06ee3ee288339", "expiration": "2025-04-03T08:50:21.247Z"}}, {"model": "captcha.captchastore", "pk": 690, "fields": {"challenge": "YSFW", "response": "ysfw", "hashkey": "35c30c546a181b4014f4858730d8ad20fe970445", "expiration": "2025-04-03T08:50:21.259Z"}}, {"model": "captcha.captchastore", "pk": 691, "fields": {"challenge": "AIEM", "response": "aiem", "hashkey": "403b0c4d6b85826af68f4ad4abd418e3a8036dda", "expiration": "2025-04-03T08:50:49.080Z"}}, {"model": "captcha.captchastore", "pk": 692, "fields": {"challenge": "LNZJ", "response": "lnzj", "hashkey": "f63a10543d10ff547ee6faa6737e450204b1dca5", "expiration": "2025-04-03T08:50:49.089Z"}}, {"model": "captcha.captchastore", "pk": 693, "fields": {"challenge": "MEZV", "response": "mezv", "hashkey": "ce7ec905ac317bd00c6f8da19fecce2fdefc104c", "expiration": "2025-04-03T08:50:49.098Z"}}, {"model": "captcha.captchastore", "pk": 694, "fields": {"challenge": "AGZR", "response": "agzr", "hashkey": "98976e4a6be05cd654edb6cb008ea5fee9481c3b", "expiration": "2025-04-03T09:11:35.500Z"}}, {"model": "captcha.captchastore", "pk": 695, "fields": {"challenge": "JHTW", "response": "jhtw", "hashkey": "384312fefe166c1eadb029d9aacd2cee5b00a843", "expiration": "2025-04-03T09:11:35.523Z"}}, {"model": "captcha.captchastore", "pk": 696, "fields": {"challenge": "IDKI", "response": "idki", "hashkey": "5da0c8fc8a99ea04ec5869d2f0061834b56e5b69", "expiration": "2025-04-03T09:11:35.561Z"}}, {"model": "captcha.captchastore", "pk": 697, "fields": {"challenge": "ZKGE", "response": "zkge", "hashkey": "85c8bea64a6cda859320fad72f64be9cd39c288f", "expiration": "2025-04-03T09:11:53.227Z"}}, {"model": "captcha.captchastore", "pk": 698, "fields": {"challenge": "FIZA", "response": "fiza", "hashkey": "71579f8e8b15724cdb6f96c0930e3322fd73ff7d", "expiration": "2025-04-03T09:11:53.238Z"}}, {"model": "captcha.captchastore", "pk": 699, "fields": {"challenge": "PFAQ", "response": "pfaq", "hashkey": "d746fd6d5375bfce8a76fd6a49bc3da64cc2b142", "expiration": "2025-04-03T09:11:53.247Z"}}, {"model": "captcha.captchastore", "pk": 700, "fields": {"challenge": "QLNS", "response": "qlns", "hashkey": "a8846686e13448e184265390b088cfa688dd88c6", "expiration": "2025-04-03T09:12:06.782Z"}}, {"model": "captcha.captchastore", "pk": 701, "fields": {"challenge": "SHJU", "response": "shju", "hashkey": "79a0929e36a1789a8f64db5db48e4c096441c076", "expiration": "2025-04-03T09:12:06.799Z"}}, {"model": "captcha.captchastore", "pk": 702, "fields": {"challenge": "SNFR", "response": "snfr", "hashkey": "ac5ca02dc89a719ff5fd0ac1e6ce075a3429a62c", "expiration": "2025-04-03T09:12:06.812Z"}}, {"model": "captcha.captchastore", "pk": 703, "fields": {"challenge": "EPWU", "response": "epwu", "hashkey": "d751db63870bfc0849d425987ed2748d3be0d9b9", "expiration": "2025-04-03T09:12:19.856Z"}}, {"model": "captcha.captchastore", "pk": 704, "fields": {"challenge": "SDFH", "response": "sdfh", "hashkey": "e0b2d15bb047c0a4606b24d467f4281277f31215", "expiration": "2025-04-03T09:12:19.871Z"}}, {"model": "captcha.captchastore", "pk": 705, "fields": {"challenge": "YPRR", "response": "yprr", "hashkey": "b43e6f161260af1c459e5a6641f279d3c26a3ea4", "expiration": "2025-04-03T09:12:19.884Z"}}, {"model": "captcha.captchastore", "pk": 706, "fields": {"challenge": "FHIY", "response": "fhiy", "hashkey": "ba363f6359d8a778609d9e78d52cb377f6c333d0", "expiration": "2025-04-03T09:12:38.902Z"}}, {"model": "captcha.captchastore", "pk": 707, "fields": {"challenge": "LSUL", "response": "lsul", "hashkey": "0ca2548ed16256c1716d6a3cd520d61899de3ab3", "expiration": "2025-04-03T09:12:39.058Z"}}, {"model": "captcha.captchastore", "pk": 708, "fields": {"challenge": "UQKY", "response": "uqky", "hashkey": "c5d957cbf225da83671799f2f9c3cf05a52ef6ee", "expiration": "2025-04-03T09:12:39.069Z"}}, {"model": "captcha.captchastore", "pk": 709, "fields": {"challenge": "NWNZ", "response": "nwnz", "hashkey": "4413648ac431ad12327ba333625fd462ae73edad", "expiration": "2025-04-03T09:12:44.257Z"}}, {"model": "captcha.captchastore", "pk": 710, "fields": {"challenge": "JDDZ", "response": "jddz", "hashkey": "eb5c7dd2a2894659d1c5f95e58e308d5b6fd504d", "expiration": "2025-04-03T09:12:44.272Z"}}, {"model": "captcha.captchastore", "pk": 711, "fields": {"challenge": "TDHN", "response": "tdhn", "hashkey": "bbe41b67f262df22e5612acbadc85b17b1772bbd", "expiration": "2025-04-03T09:12:44.281Z"}}, {"model": "captcha.captchastore", "pk": 712, "fields": {"challenge": "DOQI", "response": "doqi", "hashkey": "f9b3107faa0b01e411d69e68d9561c965231fe2e", "expiration": "2025-04-03T09:13:04.179Z"}}, {"model": "captcha.captchastore", "pk": 713, "fields": {"challenge": "MWBE", "response": "mwbe", "hashkey": "78d93b9b3d4534b4c53443670cb0c22ca272a441", "expiration": "2025-04-03T09:13:04.329Z"}}, {"model": "captcha.captchastore", "pk": 714, "fields": {"challenge": "KRNK", "response": "krnk", "hashkey": "5a3065c2b53ef1b7eafa788502066212aaa58eb2", "expiration": "2025-04-03T09:13:04.341Z"}}, {"model": "captcha.captchastore", "pk": 715, "fields": {"challenge": "OOJU", "response": "ooju", "hashkey": "084b722e801a4561877147614b97a576845857e0", "expiration": "2025-04-03T09:15:51.356Z"}}, {"model": "captcha.captchastore", "pk": 716, "fields": {"challenge": "BZGB", "response": "bzgb", "hashkey": "873259cf3c3707f2e0569fa9739030e52af21cbf", "expiration": "2025-04-03T09:15:51.384Z"}}, {"model": "captcha.captchastore", "pk": 717, "fields": {"challenge": "QYCQ", "response": "qycq", "hashkey": "0fb651c53dcef77bc0c6e78ed4ca14158ff45ab3", "expiration": "2025-04-03T09:15:51.425Z"}}, {"model": "captcha.captchastore", "pk": 718, "fields": {"challenge": "RPDA", "response": "rpda", "hashkey": "aa940aeed52ec22ed4a27f8cc34c66db02e7c55b", "expiration": "2025-04-03T09:16:40.582Z"}}, {"model": "captcha.captchastore", "pk": 719, "fields": {"challenge": "WGVI", "response": "wgvi", "hashkey": "dee9848242a53e9aa55527346d48ed6b3cf437e2", "expiration": "2025-04-03T09:16:40.611Z"}}, {"model": "captcha.captchastore", "pk": 720, "fields": {"challenge": "KBFM", "response": "kbfm", "hashkey": "3428c6af44ccf501a10a5d62f68aaa756e8bb123", "expiration": "2025-04-03T09:17:01.690Z"}}, {"model": "captcha.captchastore", "pk": 721, "fields": {"challenge": "OAGL", "response": "oagl", "hashkey": "133b6886880d3973db1ad70ebc6b857163df11eb", "expiration": "2025-04-03T09:17:01.705Z"}}, {"model": "captcha.captchastore", "pk": 722, "fields": {"challenge": "OXOC", "response": "oxoc", "hashkey": "7b583d0dc07b572e28ae643b710d62b511ee5239", "expiration": "2025-04-03T09:17:01.714Z"}}, {"model": "captcha.captchastore", "pk": 723, "fields": {"challenge": "WRAT", "response": "wrat", "hashkey": "0e299c457743782bd68dbd6c7a348eb01f72f9f5", "expiration": "2025-04-03T09:17:20.253Z"}}, {"model": "captcha.captchastore", "pk": 724, "fields": {"challenge": "CQDD", "response": "cqdd", "hashkey": "fa8b1a0f59ce3bab9a4e23cdc4e77b3fcda164ef", "expiration": "2025-04-03T09:17:20.269Z"}}, {"model": "captcha.captchastore", "pk": 725, "fields": {"challenge": "EOPO", "response": "eopo", "hashkey": "260d1e432bd36601641d1d6c9c178b7e91b169b9", "expiration": "2025-04-03T09:31:13.586Z"}}, {"model": "captcha.captchastore", "pk": 726, "fields": {"challenge": "RDRZ", "response": "rdrz", "hashkey": "a649824dd136872f51ac8073faf97681874d45a2", "expiration": "2025-04-03T09:31:13.609Z"}}, {"model": "captcha.captchastore", "pk": 727, "fields": {"challenge": "AVRM", "response": "avrm", "hashkey": "b686b7076c1cd93e1b54305bc026b0323ff844bc", "expiration": "2025-04-03T09:31:13.643Z"}}, {"model": "captcha.captchastore", "pk": 728, "fields": {"challenge": "WTGD", "response": "wtgd", "hashkey": "0c546ec35a40e761a6c8e2e57bf1a9b7fb3ffa08", "expiration": "2025-04-03T09:31:28.202Z"}}, {"model": "captcha.captchastore", "pk": 729, "fields": {"challenge": "OKSN", "response": "oksn", "hashkey": "f24e07d800f6faaf867fa7d48b074d2eec05b689", "expiration": "2025-04-03T09:31:28.223Z"}}, {"model": "captcha.captchastore", "pk": 730, "fields": {"challenge": "WAJW", "response": "wajw", "hashkey": "5f1cc33bf6bca5ce3106eb16ff8bfdfa2fea0b40", "expiration": "2025-04-03T09:31:28.236Z"}}, {"model": "captcha.captchastore", "pk": 731, "fields": {"challenge": "SSWP", "response": "sswp", "hashkey": "e4e219ade2141c03fd9ffa38e44f0c18a4e11e0e", "expiration": "2025-04-03T09:35:21.380Z"}}, {"model": "captcha.captchastore", "pk": 732, "fields": {"challenge": "CWUM", "response": "cwum", "hashkey": "09b41fbc47cfe6e2c89ccb2e2fbb507e2ef9668a", "expiration": "2025-04-03T09:35:21.401Z"}}, {"model": "captcha.captchastore", "pk": 733, "fields": {"challenge": "AIXC", "response": "aixc", "hashkey": "86657c404424045dfeadfb88b3e4f25aa77f6e10", "expiration": "2025-04-03T09:35:21.434Z"}}, {"model": "captcha.captchastore", "pk": 734, "fields": {"challenge": "UZVY", "response": "uzvy", "hashkey": "e4c780f5dc198261aeedca7928f05b5168ed53e5", "expiration": "2025-04-03T09:36:10.201Z"}}, {"model": "captcha.captchastore", "pk": 735, "fields": {"challenge": "SODN", "response": "sodn", "hashkey": "d03c291fbffa5f463697b3496d06e6cbf777567b", "expiration": "2025-04-03T09:36:10.216Z"}}, {"model": "captcha.captchastore", "pk": 736, "fields": {"challenge": "ADWP", "response": "adwp", "hashkey": "2203dae40cb24fa965221ebf0b61b3ea4d65b764", "expiration": "2025-04-03T09:36:10.227Z"}}, {"model": "captcha.captchastore", "pk": 737, "fields": {"challenge": "LFKB", "response": "lfkb", "hashkey": "3bfddddfc8eb7aa8b55e97b4ff666b66969243eb", "expiration": "2025-04-03T09:37:45.540Z"}}, {"model": "captcha.captchastore", "pk": 738, "fields": {"challenge": "JRTN", "response": "jrtn", "hashkey": "c1df473fd2e02d360f3d27f7d68a9688ab109728", "expiration": "2025-04-03T09:37:45.562Z"}}, {"model": "captcha.captchastore", "pk": 739, "fields": {"challenge": "FYQG", "response": "fyqg", "hashkey": "0f6dd615c7dce4e08e21e0b913e14e7881d5f21c", "expiration": "2025-04-03T09:37:45.574Z"}}, {"model": "captcha.captchastore", "pk": 740, "fields": {"challenge": "BTAT", "response": "btat", "hashkey": "b0b1de68e61f425aed14082dad09fa4652003a9e", "expiration": "2025-04-03T09:38:03.209Z"}}, {"model": "captcha.captchastore", "pk": 741, "fields": {"challenge": "BFYI", "response": "bfyi", "hashkey": "a5c995cb1d257411c17f9d27bb3b35781f10c3d4", "expiration": "2025-04-03T09:38:03.225Z"}}, {"model": "captcha.captchastore", "pk": 742, "fields": {"challenge": "MBET", "response": "mbet", "hashkey": "ea38f2227dd6a5a937823405ebbe2e55eb5f72c1", "expiration": "2025-04-03T09:38:03.239Z"}}, {"model": "captcha.captchastore", "pk": 743, "fields": {"challenge": "OCYF", "response": "ocyf", "hashkey": "f220e174e286205b005f44ba32b0280ef9cc5bda", "expiration": "2025-04-03T09:39:29.736Z"}}, {"model": "captcha.captchastore", "pk": 744, "fields": {"challenge": "MFIZ", "response": "mfiz", "hashkey": "88af62db4ac96ec381a92b32cdd9ebff913acdb8", "expiration": "2025-04-03T09:39:29.759Z"}}, {"model": "captcha.captchastore", "pk": 745, "fields": {"challenge": "QXCQ", "response": "qxcq", "hashkey": "79774c8d5598f096a799d8faa980476f96ebda25", "expiration": "2025-04-03T09:39:29.778Z"}}, {"model": "captcha.captchastore", "pk": 746, "fields": {"challenge": "CSKA", "response": "cska", "hashkey": "96c33e82c3caf196f1b5c08e9410ed2e0c871e1c", "expiration": "2025-04-03T09:39:47.423Z"}}, {"model": "captcha.captchastore", "pk": 747, "fields": {"challenge": "UQYC", "response": "uqyc", "hashkey": "03050cab4960f1e31d9c5a7f9d8ecd9c0477ff33", "expiration": "2025-04-03T09:41:21.908Z"}}, {"model": "captcha.captchastore", "pk": 748, "fields": {"challenge": "KZZH", "response": "kzzh", "hashkey": "0a9fd0c2e71a5b56d0075201ad6400d0479b4206", "expiration": "2025-04-03T09:41:21.935Z"}}, {"model": "captcha.captchastore", "pk": 749, "fields": {"challenge": "RVKQ", "response": "rvkq", "hashkey": "928d8810b39b7e68d9947eb92e1d64fe2c01c6be", "expiration": "2025-04-03T09:41:21.981Z"}}, {"model": "captcha.captchastore", "pk": 750, "fields": {"challenge": "JGSZ", "response": "jgsz", "hashkey": "c110e95138d2b9870bdddcdbc655277e8b0f83c5", "expiration": "2025-04-03T09:41:52.119Z"}}, {"model": "captcha.captchastore", "pk": 751, "fields": {"challenge": "YKPL", "response": "ykpl", "hashkey": "0e7dfb6e1c683ddec410081e6208181e1a45635f", "expiration": "2025-04-03T09:41:52.136Z"}}, {"model": "captcha.captchastore", "pk": 752, "fields": {"challenge": "PTUG", "response": "ptug", "hashkey": "251b03320ad7099ccd8196e027c20619e128209e", "expiration": "2025-04-03T09:41:52.148Z"}}, {"model": "captcha.captchastore", "pk": 753, "fields": {"challenge": "EIBF", "response": "eibf", "hashkey": "fd9644492515d0e97d1836d911ed47622f929d36", "expiration": "2025-04-03T09:42:06.526Z"}}, {"model": "captcha.captchastore", "pk": 754, "fields": {"challenge": "JDJF", "response": "jdjf", "hashkey": "295ee1e7b9b2e862f7b5b75e50ba15fb07662f0f", "expiration": "2025-04-03T09:42:06.679Z"}}, {"model": "captcha.captchastore", "pk": 755, "fields": {"challenge": "NAVG", "response": "navg", "hashkey": "542693134784af7b57e9171eb90545dcab54db5e", "expiration": "2025-04-03T09:42:06.692Z"}}, {"model": "captcha.captchastore", "pk": 756, "fields": {"challenge": "RZIN", "response": "rzin", "hashkey": "7c40349647e2c3763db386638625f9f35c35f757", "expiration": "2025-04-03T09:42:27.926Z"}}, {"model": "captcha.captchastore", "pk": 757, "fields": {"challenge": "HIJP", "response": "hijp", "hashkey": "06d423eab1771062b3293f913cfd916ae5e4a42d", "expiration": "2025-04-03T09:42:27.936Z"}}, {"model": "captcha.captchastore", "pk": 758, "fields": {"challenge": "ORPD", "response": "orpd", "hashkey": "9d3cc7ce681f27335d83e1d3e78caab315d3b9b4", "expiration": "2025-04-03T09:42:27.946Z"}}, {"model": "captcha.captchastore", "pk": 759, "fields": {"challenge": "UXFR", "response": "uxfr", "hashkey": "fe1021ec1690089f29c6040bbc4035bc30df1a61", "expiration": "2025-04-03T09:42:49.915Z"}}, {"model": "captcha.captchastore", "pk": 760, "fields": {"challenge": "VIBJ", "response": "vibj", "hashkey": "b9584f9dc982c350332fb5231468a65ba6ee28e2", "expiration": "2025-04-03T09:42:49.928Z"}}, {"model": "captcha.captchastore", "pk": 761, "fields": {"challenge": "JOLQ", "response": "jolq", "hashkey": "825ca6743d5eecb18fe0e02729445aaa19a69d95", "expiration": "2025-04-03T09:42:49.938Z"}}, {"model": "captcha.captchastore", "pk": 762, "fields": {"challenge": "UAZH", "response": "uazh", "hashkey": "94be73fa86c8609ffa87f1777b85a202654f050c", "expiration": "2025-04-03T09:43:02.623Z"}}, {"model": "captcha.captchastore", "pk": 763, "fields": {"challenge": "DHUG", "response": "dhug", "hashkey": "332d97b616ed15c1cef8774091553b3683ee64e5", "expiration": "2025-04-03T09:43:02.640Z"}}, {"model": "captcha.captchastore", "pk": 764, "fields": {"challenge": "XLCF", "response": "xlcf", "hashkey": "073d7dc3647040bdbbe2dda0a335033122ce312b", "expiration": "2025-04-03T09:43:02.651Z"}}, {"model": "captcha.captchastore", "pk": 765, "fields": {"challenge": "ZGGJ", "response": "zggj", "hashkey": "1b344bbc27833fd7afaa36c8a318fa01ec4bfb0d", "expiration": "2025-04-03T10:23:35.144Z"}}, {"model": "captcha.captchastore", "pk": 766, "fields": {"challenge": "CWAI", "response": "cwai", "hashkey": "f9b0d37cf05eec1a52439a183aafbaf8dfaefcca", "expiration": "2025-04-03T10:23:35.171Z"}}, {"model": "captcha.captchastore", "pk": 767, "fields": {"challenge": "RKSJ", "response": "rksj", "hashkey": "45d361c722e19f9fef53fe2e8e6771b63367c6fe", "expiration": "2025-04-03T10:23:35.209Z"}}, {"model": "captcha.captchastore", "pk": 768, "fields": {"challenge": "OPJP", "response": "opjp", "hashkey": "18c3ce3d4ef364adf9ced7649bcff983f5802b25", "expiration": "2025-04-03T10:23:52.914Z"}}, {"model": "captcha.captchastore", "pk": 769, "fields": {"challenge": "ISYH", "response": "isyh", "hashkey": "e001bbfab822225cd8efcae0006628c3e2051cbe", "expiration": "2025-04-03T10:23:52.942Z"}}, {"model": "captcha.captchastore", "pk": 770, "fields": {"challenge": "RMAC", "response": "rmac", "hashkey": "fa4922746bed44a161b6a854ce2c460efc8c73eb", "expiration": "2025-04-03T10:23:52.956Z"}}, {"model": "captcha.captchastore", "pk": 771, "fields": {"challenge": "ZFUV", "response": "zfuv", "hashkey": "3e59c935df0a290039a1d782eb628a08114a314c", "expiration": "2025-04-03T10:24:11.429Z"}}, {"model": "captcha.captchastore", "pk": 772, "fields": {"challenge": "XQOK", "response": "xqok", "hashkey": "a8f7e582ba6535046963334548cfb87efc5b3578", "expiration": "2025-04-03T10:24:11.439Z"}}, {"model": "captcha.captchastore", "pk": 773, "fields": {"challenge": "SIIX", "response": "siix", "hashkey": "0fabd3a9269ebede548f3f17c26b75269c89156f", "expiration": "2025-04-03T10:24:11.450Z"}}, {"model": "captcha.captchastore", "pk": 774, "fields": {"challenge": "QXZK", "response": "qxzk", "hashkey": "5e461f941ab19e70ea804758d40c3266af88c35c", "expiration": "2025-04-03T10:24:34.497Z"}}, {"model": "captcha.captchastore", "pk": 775, "fields": {"challenge": "CSQV", "response": "csqv", "hashkey": "8a9c01d1e0e89566a4ed5f6af153e68df641995c", "expiration": "2025-04-03T10:24:34.507Z"}}, {"model": "captcha.captchastore", "pk": 776, "fields": {"challenge": "OOTF", "response": "ootf", "hashkey": "cfdb48681ff805fb92b71c4b19938deebe4388fa", "expiration": "2025-04-03T10:24:34.517Z"}}, {"model": "captcha.captchastore", "pk": 777, "fields": {"challenge": "NFWJ", "response": "nfwj", "hashkey": "02031ec378c086e56813e83dc56c0b9720376ddc", "expiration": "2025-04-03T10:24:49.367Z"}}, {"model": "captcha.captchastore", "pk": 778, "fields": {"challenge": "DRSY", "response": "drsy", "hashkey": "2034eed03a88682061d0e9ba8138ce3c4c9162ef", "expiration": "2025-04-03T10:30:11.411Z"}}, {"model": "captcha.captchastore", "pk": 779, "fields": {"challenge": "UEJC", "response": "uejc", "hashkey": "3f9cf329f371f25eb73e49ff967685beaf5116bc", "expiration": "2025-04-03T10:30:11.437Z"}}, {"model": "captcha.captchastore", "pk": 780, "fields": {"challenge": "XHHZ", "response": "xhhz", "hashkey": "8fee1b0e3b589963d6ba93611e5e17f8524303ce", "expiration": "2025-04-03T10:30:11.472Z"}}, {"model": "captcha.captchastore", "pk": 781, "fields": {"challenge": "AXQA", "response": "axqa", "hashkey": "ae3d311aacde999b449f0bad9e19c4655eba1cee", "expiration": "2025-04-03T10:30:27.003Z"}}, {"model": "captcha.captchastore", "pk": 782, "fields": {"challenge": "LHZK", "response": "lhzk", "hashkey": "cf8838780fa9c94e2a9e7f05147a136860dac1af", "expiration": "2025-04-03T10:30:27.028Z"}}, {"model": "captcha.captchastore", "pk": 783, "fields": {"challenge": "PFRC", "response": "pfrc", "hashkey": "1fbb134b0fc447378b8b89178f06aae42e45e00a", "expiration": "2025-04-03T10:30:27.041Z"}}, {"model": "captcha.captchastore", "pk": 784, "fields": {"challenge": "TDVK", "response": "tdvk", "hashkey": "c7c8fbb3e7b3e79e78f65ae821ae7586afde2c48", "expiration": "2025-04-03T10:30:37.495Z"}}, {"model": "captcha.captchastore", "pk": 785, "fields": {"challenge": "SGYE", "response": "sgye", "hashkey": "0052dc1c32cc4145ee1ae097013eee696aa77581", "expiration": "2025-04-03T10:30:37.506Z"}}, {"model": "captcha.captchastore", "pk": 786, "fields": {"challenge": "VKQE", "response": "vkqe", "hashkey": "2afa8c874772025eee972175cbc039bb065c4e38", "expiration": "2025-04-03T10:30:37.517Z"}}, {"model": "captcha.captchastore", "pk": 787, "fields": {"challenge": "UIHR", "response": "uihr", "hashkey": "a4b9c1f87bd04f995dc160ac677b873e36d332f7", "expiration": "2025-04-03T10:30:57.320Z"}}, {"model": "captcha.captchastore", "pk": 788, "fields": {"challenge": "SADS", "response": "sads", "hashkey": "732a1bb79715a9e3ac1fb83fce44c3c233b9c47c", "expiration": "2025-04-03T10:32:00.289Z"}}, {"model": "captcha.captchastore", "pk": 789, "fields": {"challenge": "PZRD", "response": "pzrd", "hashkey": "40c121b4e0ed56c8c8cccc915241997450df1462", "expiration": "2025-04-03T10:32:00.310Z"}}, {"model": "captcha.captchastore", "pk": 790, "fields": {"challenge": "KYXI", "response": "kyxi", "hashkey": "c7a2c1eabff112d5eee908d343ec7905203c9c63", "expiration": "2025-04-03T10:32:00.344Z"}}, {"model": "captcha.captchastore", "pk": 791, "fields": {"challenge": "MIRO", "response": "miro", "hashkey": "155ca4bf598e13ac65f37024e326ec18f75caa7f", "expiration": "2025-04-03T10:32:21.450Z"}}, {"model": "captcha.captchastore", "pk": 792, "fields": {"challenge": "IBLK", "response": "iblk", "hashkey": "39cb331c8b10f1f381f3ebf1b10ab16f5972989d", "expiration": "2025-04-03T10:33:31.350Z"}}, {"model": "captcha.captchastore", "pk": 793, "fields": {"challenge": "XLLA", "response": "xlla", "hashkey": "ff15fde7bfd66b167fd61f43d86b12e208fe6389", "expiration": "2025-04-03T10:33:31.377Z"}}, {"model": "captcha.captchastore", "pk": 794, "fields": {"challenge": "DCMK", "response": "dcmk", "hashkey": "785d8059c82d0cf05d5dfc8cce5732581ebae032", "expiration": "2025-04-03T10:33:31.398Z"}}, {"model": "captcha.captchastore", "pk": 795, "fields": {"challenge": "FEUH", "response": "feuh", "hashkey": "71a5a3324a8586fa002b19d3e0aaf7d1011bacab", "expiration": "2025-04-03T10:33:55.155Z"}}, {"model": "captcha.captchastore", "pk": 796, "fields": {"challenge": "YAJJ", "response": "yajj", "hashkey": "eb5aef8ef96db74f5ffec5e485fc31b91d1a1919", "expiration": "2025-04-03T10:33:55.183Z"}}, {"model": "captcha.captchastore", "pk": 797, "fields": {"challenge": "SODQ", "response": "sodq", "hashkey": "6006dd52f12c57c95af8d607ad7b0812851c1c94", "expiration": "2025-04-03T10:33:55.195Z"}}, {"model": "captcha.captchastore", "pk": 798, "fields": {"challenge": "FVZQ", "response": "fvzq", "hashkey": "ea89c1ab77e1d8852cf9b23c49ed22aef78b341a", "expiration": "2025-04-03T10:34:28.586Z"}}, {"model": "captcha.captchastore", "pk": 799, "fields": {"challenge": "ORNH", "response": "ornh", "hashkey": "3fe679e2ac83afd48b1f4ef6457ae25241bef5d2", "expiration": "2025-04-03T10:34:28.597Z"}}, {"model": "captcha.captchastore", "pk": 800, "fields": {"challenge": "HOOS", "response": "hoos", "hashkey": "bf0049c8be40900e92ac64017660b80d658f06df", "expiration": "2025-04-03T10:34:28.608Z"}}, {"model": "captcha.captchastore", "pk": 801, "fields": {"challenge": "UTFV", "response": "utfv", "hashkey": "7367c0fbce225f5caba0023ae2ab8a1109a5324c", "expiration": "2025-04-03T10:34:48.150Z"}}, {"model": "captcha.captchastore", "pk": 802, "fields": {"challenge": "QUNX", "response": "qunx", "hashkey": "ad73dd01a57d75d2156de89e956f13a75cb66d0c", "expiration": "2025-04-03T10:36:39.873Z"}}, {"model": "captcha.captchastore", "pk": 803, "fields": {"challenge": "NWMI", "response": "nwmi", "hashkey": "9fe29a49503efb48968be801afd307b6a0a8f3c3", "expiration": "2025-04-03T10:36:39.898Z"}}, {"model": "captcha.captchastore", "pk": 804, "fields": {"challenge": "VUFF", "response": "vuff", "hashkey": "82d0badd5a1cadc6b79b38e00236c81af0dd32ba", "expiration": "2025-04-03T10:36:39.936Z"}}, {"model": "captcha.captchastore", "pk": 805, "fields": {"challenge": "GZSX", "response": "gzsx", "hashkey": "598239c3298aa2b80c0cd966f69254f354e89609", "expiration": "2025-04-03T10:36:50.417Z"}}, {"model": "captcha.captchastore", "pk": 806, "fields": {"challenge": "FYSL", "response": "fysl", "hashkey": "06857e84ba633828d9dac4f3b0a7f809c8b23135", "expiration": "2025-04-03T10:36:50.446Z"}}, {"model": "captcha.captchastore", "pk": 807, "fields": {"challenge": "NNHY", "response": "nnhy", "hashkey": "14a8f8b52d041b21c13ad0e2f2f332dac39ad233", "expiration": "2025-04-03T10:36:50.458Z"}}, {"model": "captcha.captchastore", "pk": 808, "fields": {"challenge": "DYQJ", "response": "dyqj", "hashkey": "903abb6cefa94921866c67ff06a7b6a34810f5f5", "expiration": "2025-04-03T10:37:01.263Z"}}, {"model": "captcha.captchastore", "pk": 809, "fields": {"challenge": "QNST", "response": "qnst", "hashkey": "cb9a97811ad188606a614d2504cbded4fe23a580", "expiration": "2025-04-03T10:37:01.281Z"}}, {"model": "captcha.captchastore", "pk": 810, "fields": {"challenge": "RMNR", "response": "rmnr", "hashkey": "75d2125b05f19a3cc319f5823401b25fe5c2a72c", "expiration": "2025-04-03T10:37:01.295Z"}}, {"model": "captcha.captchastore", "pk": 811, "fields": {"challenge": "VIEN", "response": "vien", "hashkey": "8a27ac8a6efc2c57f8e221712d6baefcc2ce876c", "expiration": "2025-04-03T10:37:18.819Z"}}, {"model": "captcha.captchastore", "pk": 812, "fields": {"challenge": "MXEI", "response": "mxei", "hashkey": "2dd5a3337f21e23e3fd588b2faf645abde9d29fa", "expiration": "2025-04-03T10:37:18.974Z"}}, {"model": "captcha.captchastore", "pk": 813, "fields": {"challenge": "JSAA", "response": "jsaa", "hashkey": "6f5d28a606e846340a127bd1cdb50cbad6e0b55e", "expiration": "2025-04-03T10:37:18.986Z"}}, {"model": "captcha.captchastore", "pk": 814, "fields": {"challenge": "KUGF", "response": "kugf", "hashkey": "526a43864b88d0c866ec6e30ef8de0768897c979", "expiration": "2025-04-03T10:37:27.584Z"}}, {"model": "captcha.captchastore", "pk": 815, "fields": {"challenge": "RUMR", "response": "rumr", "hashkey": "4426f6c34769918bff774a6ad8e9661bc14f9ed7", "expiration": "2025-04-03T10:37:27.601Z"}}, {"model": "captcha.captchastore", "pk": 816, "fields": {"challenge": "WQKH", "response": "wqkh", "hashkey": "f685380056260a0945acaa336bd8e0664d0bb14c", "expiration": "2025-04-03T10:37:27.612Z"}}, {"model": "captcha.captchastore", "pk": 817, "fields": {"challenge": "AXNB", "response": "axnb", "hashkey": "c8aff7e5bba591c652ce3af5020919e04f1fd32f", "expiration": "2025-04-03T11:02:11.735Z"}}, {"model": "captcha.captchastore", "pk": 818, "fields": {"challenge": "OBLS", "response": "obls", "hashkey": "f93b9f559ba0fda47e9ffccdf69014dabf3f950f", "expiration": "2025-04-03T11:02:11.758Z"}}, {"model": "captcha.captchastore", "pk": 819, "fields": {"challenge": "BAZV", "response": "bazv", "hashkey": "5a56649644d40a700f6340736b36cee096b65373", "expiration": "2025-04-03T11:02:11.791Z"}}, {"model": "captcha.captchastore", "pk": 820, "fields": {"challenge": "METT", "response": "mett", "hashkey": "16350ca41d9f8451ce3ffe06154712d76b09d1f4", "expiration": "2025-04-03T11:02:24.036Z"}}, {"model": "captcha.captchastore", "pk": 821, "fields": {"challenge": "WUCS", "response": "wucs", "hashkey": "22e2d470de0a5aec8a3ed70d642fbfa4adab22ae", "expiration": "2025-04-03T11:02:24.061Z"}}, {"model": "captcha.captchastore", "pk": 822, "fields": {"challenge": "BYVE", "response": "byve", "hashkey": "2f6ee2af86da410f87e960ea5eb360b8fcf2efcc", "expiration": "2025-04-03T11:02:24.074Z"}}, {"model": "captcha.captchastore", "pk": 823, "fields": {"challenge": "VKWY", "response": "vkwy", "hashkey": "9494a989463c8bd58a96895ddda75d72dd92b23f", "expiration": "2025-04-03T11:02:40.348Z"}}, {"model": "captcha.captchastore", "pk": 824, "fields": {"challenge": "OYJA", "response": "oyja", "hashkey": "bbcde46997bf114d39029e512d6853ae637b91a5", "expiration": "2025-04-03T11:02:40.367Z"}}, {"model": "captcha.captchastore", "pk": 825, "fields": {"challenge": "YFCK", "response": "yfck", "hashkey": "8719c5ecaf57c018ceb0714f97832b9986b30522", "expiration": "2025-04-03T11:02:40.380Z"}}, {"model": "captcha.captchastore", "pk": 826, "fields": {"challenge": "YZZJ", "response": "yzzj", "hashkey": "4dcf657d414619339e2d6bd2499bfe8fce127537", "expiration": "2025-04-03T11:02:57.483Z"}}, {"model": "captcha.captchastore", "pk": 827, "fields": {"challenge": "KSDX", "response": "ksdx", "hashkey": "3f1305d27217996d92a005e1bb95f22b6d0afc19", "expiration": "2025-04-03T11:02:57.654Z"}}, {"model": "captcha.captchastore", "pk": 828, "fields": {"challenge": "QVVO", "response": "qvvo", "hashkey": "d9322a4f4ba052ac529ab9b93cdef82cbfc5d3ec", "expiration": "2025-04-03T11:02:57.664Z"}}, {"model": "captcha.captchastore", "pk": 829, "fields": {"challenge": "NTUD", "response": "ntud", "hashkey": "8eb572467e1938ad46459ee168012992b66cec2d", "expiration": "2025-04-03T11:03:04.641Z"}}, {"model": "captcha.captchastore", "pk": 830, "fields": {"challenge": "TXYT", "response": "txyt", "hashkey": "de42d698b9560f3bcbd2ba7a328095bb77a30e16", "expiration": "2025-04-03T11:03:04.655Z"}}, {"model": "captcha.captchastore", "pk": 831, "fields": {"challenge": "YANY", "response": "yany", "hashkey": "8f601af79610132b826148871c1301bdf362f87b", "expiration": "2025-04-03T11:07:55.520Z"}}, {"model": "captcha.captchastore", "pk": 832, "fields": {"challenge": "PZOK", "response": "pzok", "hashkey": "dc388654960c37bad438a2b7a21a328a71ed0f37", "expiration": "2025-04-03T11:07:55.552Z"}}, {"model": "captcha.captchastore", "pk": 833, "fields": {"challenge": "NFJU", "response": "nfju", "hashkey": "2cb00c7332532e2a204aa165892cc695433494ed", "expiration": "2025-04-03T11:08:21.190Z"}}, {"model": "captcha.captchastore", "pk": 834, "fields": {"challenge": "VBUL", "response": "vbul", "hashkey": "9734f00995b0ce4bfd0ba17d270d7f684f1cfe6c", "expiration": "2025-04-03T11:08:21.203Z"}}, {"model": "captcha.captchastore", "pk": 835, "fields": {"challenge": "NROO", "response": "nroo", "hashkey": "adfd1dfb2e169d6537add8c67f9a18d6b776fdf8", "expiration": "2025-04-03T11:08:21.214Z"}}, {"model": "captcha.captchastore", "pk": 836, "fields": {"challenge": "CMRM", "response": "cmrm", "hashkey": "108ba78fec5fa0986b95966ab78a16f0adbb1d86", "expiration": "2025-04-03T11:08:31.037Z"}}, {"model": "captcha.captchastore", "pk": 837, "fields": {"challenge": "VDHW", "response": "vdhw", "hashkey": "1da92f46c5c83b52175a30b31ea963f2c240b72b", "expiration": "2025-04-03T11:09:36.503Z"}}, {"model": "captcha.captchastore", "pk": 838, "fields": {"challenge": "GRER", "response": "grer", "hashkey": "8d5e9e34d56dd05d1ae6c941c1187d24caa83265", "expiration": "2025-04-03T11:09:36.526Z"}}, {"model": "captcha.captchastore", "pk": 839, "fields": {"challenge": "FWTW", "response": "fwtw", "hashkey": "aeeab0144c7196819eeab0d5c2a0ec0f70f287b6", "expiration": "2025-04-03T11:09:36.566Z"}}, {"model": "captcha.captchastore", "pk": 840, "fields": {"challenge": "VGMZ", "response": "vgmz", "hashkey": "6bac98dfe6461ce55295c8fc3e5b558c6ea1c9e2", "expiration": "2025-04-03T11:09:51.408Z"}}, {"model": "captcha.captchastore", "pk": 841, "fields": {"challenge": "DTJQ", "response": "dtjq", "hashkey": "594d6054ec000856255814764213ce17962a326b", "expiration": "2025-04-03T11:17:10.462Z"}}, {"model": "captcha.captchastore", "pk": 842, "fields": {"challenge": "BDWU", "response": "bdwu", "hashkey": "5c9b5aaad088a375539f3be74bbe67cdd08c750b", "expiration": "2025-04-03T11:17:10.489Z"}}, {"model": "captcha.captchastore", "pk": 843, "fields": {"challenge": "BLMR", "response": "blmr", "hashkey": "7421aa6fbafbc0123e55fc257a3b287a0f844765", "expiration": "2025-04-03T11:17:10.511Z"}}, {"model": "captcha.captchastore", "pk": 844, "fields": {"challenge": "PNCN", "response": "pncn", "hashkey": "42df1c52fa3df85d22f56ae05dafb537b2723097", "expiration": "2025-04-03T11:17:23.151Z"}}, {"model": "captcha.captchastore", "pk": 845, "fields": {"challenge": "JIZM", "response": "jizm", "hashkey": "3cb7d415c52ab253f8e9af13a739c0eda495fb8b", "expiration": "2025-04-03T11:21:11.355Z"}}, {"model": "captcha.captchastore", "pk": 846, "fields": {"challenge": "GYPF", "response": "gypf", "hashkey": "8f8cd40fef6f8241497f79df6f51e5b061faa7f9", "expiration": "2025-04-03T11:21:11.380Z"}}, {"model": "captcha.captchastore", "pk": 847, "fields": {"challenge": "ZOGZ", "response": "zogz", "hashkey": "1e4c5fcf288dd6c30a7a7a7d08c13b1adacc9d72", "expiration": "2025-04-03T11:21:11.416Z"}}, {"model": "captcha.captchastore", "pk": 848, "fields": {"challenge": "VVSA", "response": "vvsa", "hashkey": "0ccdc10d241485f4c1babfd458232fc404c9592f", "expiration": "2025-04-03T11:21:25.611Z"}}, {"model": "captcha.captchastore", "pk": 849, "fields": {"challenge": "JEPK", "response": "jepk", "hashkey": "97a23d5d6ed5ae91c813cbd7f3f78a374ee1c533", "expiration": "2025-04-03T11:21:25.633Z"}}, {"model": "captcha.captchastore", "pk": 850, "fields": {"challenge": "KUQQ", "response": "kuqq", "hashkey": "0a0fb6843fb27d4b97a9e32f4d016ef2fa41edaa", "expiration": "2025-04-03T11:21:25.645Z"}}, {"model": "captcha.captchastore", "pk": 851, "fields": {"challenge": "YEKF", "response": "yekf", "hashkey": "9398e306e47a79c15c2cf6dd97e2b1c0bc56e661", "expiration": "2025-04-03T11:21:55.109Z"}}, {"model": "captcha.captchastore", "pk": 852, "fields": {"challenge": "FHLM", "response": "fhlm", "hashkey": "ac88e95d38f4bf0775f8002366bf8393e50870ae", "expiration": "2025-04-03T11:21:55.122Z"}}, {"model": "captcha.captchastore", "pk": 853, "fields": {"challenge": "YTQU", "response": "ytqu", "hashkey": "32769b65a3b6574a2d35b800b6d71827ed2de3d0", "expiration": "2025-04-03T11:22:12.578Z"}}, {"model": "captcha.captchastore", "pk": 854, "fields": {"challenge": "UYYQ", "response": "uyyq", "hashkey": "5567cab62e9063d03f974f70f5f48d6fab1ded7d", "expiration": "2025-04-03T11:22:12.590Z"}}, {"model": "captcha.captchastore", "pk": 855, "fields": {"challenge": "SMPA", "response": "smpa", "hashkey": "fe092aa661ae7f6de3cca3200a45da1e5932a038", "expiration": "2025-04-03T11:24:29.324Z"}}, {"model": "captcha.captchastore", "pk": 856, "fields": {"challenge": "VZNP", "response": "vznp", "hashkey": "75b4d396ceaf5e93cbef7ad38634161a575f6dea", "expiration": "2025-04-03T11:24:29.337Z"}}, {"model": "captcha.captchastore", "pk": 857, "fields": {"challenge": "WNBH", "response": "wnbh", "hashkey": "0d3ceca0a34f78155935dd9ee77e8844054085e7", "expiration": "2025-04-03T11:24:29.347Z"}}, {"model": "captcha.captchastore", "pk": 858, "fields": {"challenge": "CJGI", "response": "cjgi", "hashkey": "3a8f28a2b5f8d3ebdcec6b0560c6440407a3da40", "expiration": "2025-04-03T11:24:42.218Z"}}, {"model": "captcha.captchastore", "pk": 859, "fields": {"challenge": "LVKH", "response": "lvkh", "hashkey": "750b8d22aa98136d23a74f7b8d1bfe3b5373a71e", "expiration": "2025-04-03T11:24:42.236Z"}}, {"model": "captcha.captchastore", "pk": 860, "fields": {"challenge": "STHC", "response": "sthc", "hashkey": "e50adcec1ff6c7c8516a55d73422df6a7b1e0385", "expiration": "2025-04-03T11:24:42.248Z"}}, {"model": "captcha.captchastore", "pk": 861, "fields": {"challenge": "SOWT", "response": "sowt", "hashkey": "da0aa2846aa2875204ead9e4dfa6f6ba85a0f1de", "expiration": "2025-04-03T11:24:52.441Z"}}, {"model": "captcha.captchastore", "pk": 862, "fields": {"challenge": "EWYV", "response": "ewyv", "hashkey": "81f76364f2630d2579c90bb2ee493daa5ab446d5", "expiration": "2025-04-03T11:24:52.454Z"}}, {"model": "captcha.captchastore", "pk": 863, "fields": {"challenge": "VPMD", "response": "vpmd", "hashkey": "33aa5d620b1459af753b7e26ccad2548520996e5", "expiration": "2025-04-03T11:25:09.046Z"}}, {"model": "captcha.captchastore", "pk": 864, "fields": {"challenge": "OXMM", "response": "oxmm", "hashkey": "a107bfea6522278cf52704099ebb7876ff8b60b2", "expiration": "2025-04-03T11:25:09.063Z"}}, {"model": "captcha.captchastore", "pk": 865, "fields": {"challenge": "FJYK", "response": "fjyk", "hashkey": "9a51d88a7b894c68e2fbb6d8c7b55ef7d360881d", "expiration": "2025-04-03T11:25:09.074Z"}}, {"model": "captcha.captchastore", "pk": 866, "fields": {"challenge": "GSWR", "response": "gswr", "hashkey": "827f1a324658aa77de25da14be00ac62b86a2c25", "expiration": "2025-04-03T11:25:41.959Z"}}, {"model": "captcha.captchastore", "pk": 867, "fields": {"challenge": "WAUT", "response": "waut", "hashkey": "818b3915546556796c98e4eea8103c9af0f9166b", "expiration": "2025-04-03T11:25:41.974Z"}}, {"model": "captcha.captchastore", "pk": 868, "fields": {"challenge": "GLST", "response": "glst", "hashkey": "939a6075ecc779fdc1822d5644049a53ef6e6bd6", "expiration": "2025-04-03T11:25:41.986Z"}}, {"model": "captcha.captchastore", "pk": 869, "fields": {"challenge": "WFYQ", "response": "wfyq", "hashkey": "d1c1fe66740d250b03d4dfd3a546d5cec1dd396c", "expiration": "2025-04-03T11:26:02.744Z"}}, {"model": "captcha.captchastore", "pk": 870, "fields": {"challenge": "FNHY", "response": "fnhy", "hashkey": "be9f8f99b833dc1ddccc80480608b8887c676f96", "expiration": "2025-04-03T11:26:02.752Z"}}, {"model": "captcha.captchastore", "pk": 871, "fields": {"challenge": "FQYQ", "response": "fqyq", "hashkey": "7e03e51d3f8927e323fd4dfa57400866cb20f0a5", "expiration": "2025-04-03T11:26:02.761Z"}}, {"model": "captcha.captchastore", "pk": 872, "fields": {"challenge": "SOZY", "response": "sozy", "hashkey": "a5ffb1d1722f3c3102550d72e6b8f80fb0d43743", "expiration": "2025-04-03T11:26:20.019Z"}}, {"model": "captcha.captchastore", "pk": 873, "fields": {"challenge": "DAQS", "response": "daqs", "hashkey": "97440b1b22e63004af8a6828b1fce24f520484f7", "expiration": "2025-04-03T11:26:20.031Z"}}, {"model": "captcha.captchastore", "pk": 874, "fields": {"challenge": "UYUX", "response": "uyux", "hashkey": "ec06558d65649d0a6a9878b82e586ace3e24ce1c", "expiration": "2025-04-03T11:26:20.040Z"}}, {"model": "captcha.captchastore", "pk": 875, "fields": {"challenge": "TZED", "response": "tzed", "hashkey": "c6fd166e32b24f9234e2775517b4342869141e8d", "expiration": "2025-04-03T11:26:33.917Z"}}, {"model": "captcha.captchastore", "pk": 876, "fields": {"challenge": "KRLG", "response": "krlg", "hashkey": "1cac1cadab47d3e9029fd78beeb336254df12369", "expiration": "2025-04-03T11:26:33.935Z"}}, {"model": "captcha.captchastore", "pk": 877, "fields": {"challenge": "CKZQ", "response": "ckzq", "hashkey": "b79123f9a80f4a73cd4c18d327d407f5bbb7185e", "expiration": "2025-04-03T11:26:33.945Z"}}, {"model": "captcha.captchastore", "pk": 878, "fields": {"challenge": "MVHV", "response": "mvhv", "hashkey": "7c1b3ba104acf4b792b5673b81596f08170f6e38", "expiration": "2025-04-03T11:27:09.587Z"}}, {"model": "captcha.captchastore", "pk": 879, "fields": {"challenge": "PBKD", "response": "pbkd", "hashkey": "59e0a333943376c63f843608462f457a2a055c4e", "expiration": "2025-04-03T11:27:09.599Z"}}, {"model": "captcha.captchastore", "pk": 880, "fields": {"challenge": "TSSU", "response": "tssu", "hashkey": "d5875ff2102d0cceea283e80b42b5aba2b06de2c", "expiration": "2025-04-03T11:27:09.609Z"}}, {"model": "captcha.captchastore", "pk": 881, "fields": {"challenge": "VOEQ", "response": "voeq", "hashkey": "a633c38d3673b822e82b47099038b3f58b1c1453", "expiration": "2025-04-03T11:27:22.089Z"}}, {"model": "captcha.captchastore", "pk": 882, "fields": {"challenge": "BNAQ", "response": "bnaq", "hashkey": "3d47c593ad7e04516eec6d29bfa7b5d1ae43af89", "expiration": "2025-04-03T11:27:22.114Z"}}, {"model": "captcha.captchastore", "pk": 883, "fields": {"challenge": "WFJE", "response": "wfje", "hashkey": "296af5d34819f21b5d7b9b14d66e3a72f4381400", "expiration": "2025-04-03T11:27:22.123Z"}}, {"model": "captcha.captchastore", "pk": 884, "fields": {"challenge": "SGQQ", "response": "sgqq", "hashkey": "91e1bc57687a10d325ab891645da20efe162d762", "expiration": "2025-04-03T11:27:33.074Z"}}, {"model": "captcha.captchastore", "pk": 885, "fields": {"challenge": "IRVS", "response": "irvs", "hashkey": "bb2b906e9de2657199cc1e2d39f34af6991876ca", "expiration": "2025-04-03T11:27:33.087Z"}}, {"model": "captcha.captchastore", "pk": 886, "fields": {"challenge": "XJQF", "response": "xjqf", "hashkey": "10b5e0b2724e0a0c45e88f9a8d8a15d7326954b0", "expiration": "2025-04-03T11:27:33.098Z"}}, {"model": "captcha.captchastore", "pk": 887, "fields": {"challenge": "DKER", "response": "dker", "hashkey": "744189e072d1789ebad31528114d215e0c7d704f", "expiration": "2025-04-03T11:27:54.665Z"}}, {"model": "captcha.captchastore", "pk": 888, "fields": {"challenge": "TPTI", "response": "tpti", "hashkey": "9d1bb24793a436355f771cf070f22a8b5f5530db", "expiration": "2025-04-03T11:27:54.677Z"}}, {"model": "captcha.captchastore", "pk": 889, "fields": {"challenge": "JXOL", "response": "jxol", "hashkey": "2b68e0483434811eae3fb3bcf30895a3d63e526b", "expiration": "2025-04-03T11:27:54.688Z"}}, {"model": "captcha.captchastore", "pk": 890, "fields": {"challenge": "JUWY", "response": "juwy", "hashkey": "e6da2eb018008c31deebf474c48e048baef99b8c", "expiration": "2025-04-03T11:28:09.344Z"}}, {"model": "captcha.captchastore", "pk": 891, "fields": {"challenge": "KNGA", "response": "knga", "hashkey": "f2fa7460451bc77a0a068943ff245c3f57b8af44", "expiration": "2025-04-03T11:28:09.355Z"}}, {"model": "captcha.captchastore", "pk": 892, "fields": {"challenge": "KZGO", "response": "kzgo", "hashkey": "da1a8b4b7749e24b4b48712d74829a5dbbfecabc", "expiration": "2025-04-03T11:28:16.986Z"}}, {"model": "captcha.captchastore", "pk": 893, "fields": {"challenge": "LKXE", "response": "lkxe", "hashkey": "1522a0b134272d8dafe36a7b6fb663b039d35c6a", "expiration": "2025-04-03T11:28:17.152Z"}}, {"model": "captcha.captchastore", "pk": 894, "fields": {"challenge": "KZST", "response": "kzst", "hashkey": "c26f646236e29a1ce142563bef0cc6c59fa88c93", "expiration": "2025-04-03T11:28:17.165Z"}}, {"model": "captcha.captchastore", "pk": 895, "fields": {"challenge": "WFFS", "response": "wffs", "hashkey": "4bec211f14967f9ff4cb4945782f50f67a7bf219", "expiration": "2025-04-03T11:28:24.667Z"}}, {"model": "captcha.captchastore", "pk": 896, "fields": {"challenge": "GBPO", "response": "gbpo", "hashkey": "45d74d508fda5485a7f52d3d9323c3a199948a55", "expiration": "2025-04-03T11:28:24.679Z"}}, {"model": "captcha.captchastore", "pk": 897, "fields": {"challenge": "ZXKU", "response": "zxku", "hashkey": "e5d5af886c8f4280a78cc129b73f7be703bbd9cf", "expiration": "2025-04-03T12:34:51.250Z"}}, {"model": "captcha.captchastore", "pk": 898, "fields": {"challenge": "MJMR", "response": "mjmr", "hashkey": "56ffa68553b2dcead6a1afffca2ecee9d3873d35", "expiration": "2025-04-03T12:34:51.275Z"}}, {"model": "captcha.captchastore", "pk": 899, "fields": {"challenge": "PPVS", "response": "ppvs", "hashkey": "afb3241b08cd1f1ec30340bc81102cee52e32745", "expiration": "2025-04-03T12:34:51.334Z"}}, {"model": "captcha.captchastore", "pk": 900, "fields": {"challenge": "VZNA", "response": "vzna", "hashkey": "5d545a7c5e51f10618d14d3ab2f57327128f5280", "expiration": "2025-04-03T12:35:11.758Z"}}, {"model": "captcha.captchastore", "pk": 901, "fields": {"challenge": "BVRD", "response": "bvrd", "hashkey": "64d83d21f1c789f028f85649980ac807725d6fa1", "expiration": "2025-04-03T12:38:36.149Z"}}, {"model": "captcha.captchastore", "pk": 902, "fields": {"challenge": "HPFC", "response": "hpfc", "hashkey": "d10ff0ca32bbe04b03c558b618d685a88fc116c1", "expiration": "2025-04-03T12:38:36.180Z"}}, {"model": "captcha.captchastore", "pk": 903, "fields": {"challenge": "CDZS", "response": "cdzs", "hashkey": "c98397eae77a580e4e828ec8d6b9f3190867eca3", "expiration": "2025-04-03T12:38:36.212Z"}}, {"model": "captcha.captchastore", "pk": 904, "fields": {"challenge": "GCII", "response": "gcii", "hashkey": "1e146833cfaba176c3bb37f98483c768d07ed6d7", "expiration": "2025-04-03T12:38:58.562Z"}}, {"model": "captcha.captchastore", "pk": 905, "fields": {"challenge": "FVDF", "response": "fvdf", "hashkey": "284089a1f7b19ce189c92a9d8bfc06eb635f030b", "expiration": "2025-04-03T12:38:58.877Z"}}, {"model": "captcha.captchastore", "pk": 906, "fields": {"challenge": "TDGX", "response": "tdgx", "hashkey": "645c5fefcadd1078b5a2f5ad41c8b61d6e02eab4", "expiration": "2025-04-03T12:38:58.904Z"}}, {"model": "captcha.captchastore", "pk": 907, "fields": {"challenge": "XKFP", "response": "xkfp", "hashkey": "603f4f0110f6061b46b5cd9b4815315fd0fee028", "expiration": "2025-04-03T13:02:09.873Z"}}, {"model": "captcha.captchastore", "pk": 908, "fields": {"challenge": "IHFD", "response": "ihfd", "hashkey": "4c925136fe4adeac0c4ff0140c006f08b3e75ebd", "expiration": "2025-04-03T13:02:09.931Z"}}, {"model": "captcha.captchastore", "pk": 909, "fields": {"challenge": "PIZX", "response": "pizx", "hashkey": "a8b457a3e7e2fd9b348ca9bdc628ebb72ca9d80e", "expiration": "2025-04-03T13:02:10.016Z"}}, {"model": "captcha.captchastore", "pk": 910, "fields": {"challenge": "REKP", "response": "rekp", "hashkey": "66f84cc61f15f27f425926e1d704c0599c61fd8a", "expiration": "2025-04-03T13:02:57.473Z"}}, {"model": "captcha.captchastore", "pk": 911, "fields": {"challenge": "UVCR", "response": "uvcr", "hashkey": "374a8d7e6ab9cb0084ad1c1ff1cf7892334347fa", "expiration": "2025-04-03T13:03:52.088Z"}}, {"model": "captcha.captchastore", "pk": 912, "fields": {"challenge": "SGUM", "response": "sgum", "hashkey": "430dad777c5efc34fd7b8b04ffa8e6ea8b22a8b3", "expiration": "2025-04-03T13:03:52.155Z"}}, {"model": "captcha.captchastore", "pk": 913, "fields": {"challenge": "BKCP", "response": "bkcp", "hashkey": "b03edde2d54d78fdf6cfbea81482badbaa8dba0c", "expiration": "2025-04-03T13:03:52.198Z"}}, {"model": "captcha.captchastore", "pk": 914, "fields": {"challenge": "NAOS", "response": "naos", "hashkey": "dfffafc740edf93e42a8c6a021579599b3c2d60e", "expiration": "2025-04-03T13:03:56.776Z"}}, {"model": "captcha.captchastore", "pk": 915, "fields": {"challenge": "TGZX", "response": "tgzx", "hashkey": "9041ebc96c0b820e3c8be77bf849cd68f87e41e6", "expiration": "2025-04-03T13:03:56.818Z"}}, {"model": "captcha.captchastore", "pk": 916, "fields": {"challenge": "RFTG", "response": "rftg", "hashkey": "a1a6b16f236eed5bb47c507d30b91319fba087f7", "expiration": "2025-04-03T13:03:56.852Z"}}, {"model": "captcha.captchastore", "pk": 917, "fields": {"challenge": "XEOP", "response": "xeop", "hashkey": "c269e5dcec68f890f3c5cff591ff6cba7448e173", "expiration": "2025-04-03T13:04:08.915Z"}}, {"model": "captcha.captchastore", "pk": 918, "fields": {"challenge": "HELC", "response": "helc", "hashkey": "b1e1dabc72840581371c73008636bf2c1b5bb059", "expiration": "2025-04-03T13:04:08.975Z"}}, {"model": "captcha.captchastore", "pk": 919, "fields": {"challenge": "DYQI", "response": "dyqi", "hashkey": "a39880ce7a411a89955de91ee9c2e5826e458938", "expiration": "2025-04-03T13:04:09.004Z"}}, {"model": "captcha.captchastore", "pk": 920, "fields": {"challenge": "EPSE", "response": "epse", "hashkey": "d3dfb527ca93396e41973dedc6383ecab94a041e", "expiration": "2025-04-03T13:04:28.976Z"}}, {"model": "captcha.captchastore", "pk": 921, "fields": {"challenge": "HLKH", "response": "hlkh", "hashkey": "e64b101d5e235501be65140e824100e4851ed523", "expiration": "2025-04-03T13:04:28.989Z"}}, {"model": "captcha.captchastore", "pk": 922, "fields": {"challenge": "NIBL", "response": "nibl", "hashkey": "0b3f3e57dcf6536ea5c05aa134e86396c9c9174f", "expiration": "2025-04-03T13:10:13.831Z"}}, {"model": "captcha.captchastore", "pk": 923, "fields": {"challenge": "GWDO", "response": "gwdo", "hashkey": "f2349a7b5e1fc2925279824f7dfbed17e2450daf", "expiration": "2025-04-03T13:10:13.853Z"}}, {"model": "captcha.captchastore", "pk": 924, "fields": {"challenge": "CALG", "response": "calg", "hashkey": "28d1b68259240fa8090026e6bfdf49127c7ee43e", "expiration": "2025-04-03T13:10:13.887Z"}}, {"model": "captcha.captchastore", "pk": 925, "fields": {"challenge": "AFPQ", "response": "afpq", "hashkey": "2fcaee0ac4905265606f5946c0f5bbbc6edbee45", "expiration": "2025-04-03T13:10:27.995Z"}}, {"model": "captcha.captchastore", "pk": 926, "fields": {"challenge": "IVDA", "response": "ivda", "hashkey": "6be5e5556dbe58b137c9372da028715e3c5331da", "expiration": "2025-04-03T13:11:20.905Z"}}, {"model": "captcha.captchastore", "pk": 927, "fields": {"challenge": "CJST", "response": "cjst", "hashkey": "8ca15cd5c63fcc03d232250177b414fa554ce752", "expiration": "2025-04-03T13:11:20.921Z"}}, {"model": "captcha.captchastore", "pk": 928, "fields": {"challenge": "GEXC", "response": "gexc", "hashkey": "5d56020407f48f53cf4b0852e5ccaceaab9be5d0", "expiration": "2025-04-03T13:11:20.933Z"}}, {"model": "captcha.captchastore", "pk": 929, "fields": {"challenge": "NQZM", "response": "nqzm", "hashkey": "f235ea7781d8dbbffc2bf3a32a9f2b356328b7bc", "expiration": "2025-04-03T13:11:39.243Z"}}, {"model": "captcha.captchastore", "pk": 930, "fields": {"challenge": "ZYTE", "response": "zyte", "hashkey": "7d1471d66d4ee7c5c28c0613c1717bc76021346d", "expiration": "2025-04-03T13:14:28.048Z"}}, {"model": "captcha.captchastore", "pk": 931, "fields": {"challenge": "GAHR", "response": "gahr", "hashkey": "1c14c6c59691a7818662a888e6980c24d90ac162", "expiration": "2025-04-03T13:14:28.070Z"}}, {"model": "captcha.captchastore", "pk": 932, "fields": {"challenge": "XVGC", "response": "xvgc", "hashkey": "40db1648235dd79ae2de279e32660c4d1f5cd0b4", "expiration": "2025-04-03T13:14:41.565Z"}}, {"model": "captcha.captchastore", "pk": 933, "fields": {"challenge": "JMZQ", "response": "jmzq", "hashkey": "986da213bb6614989f33bf4a6000ebfe24fe1c78", "expiration": "2025-04-03T13:14:41.593Z"}}, {"model": "captcha.captchastore", "pk": 934, "fields": {"challenge": "VCAK", "response": "vcak", "hashkey": "a2976380acdf646a432920128335f7022d2c17b3", "expiration": "2025-04-03T13:14:41.606Z"}}, {"model": "captcha.captchastore", "pk": 935, "fields": {"challenge": "TFCA", "response": "tfca", "hashkey": "f3210b7d058c41edd14d3e20107189c200824c8e", "expiration": "2025-04-03T13:14:59.198Z"}}, {"model": "captcha.captchastore", "pk": 936, "fields": {"challenge": "NTCE", "response": "ntce", "hashkey": "31b73ffd4da511b78935059013d55a9a5702d22a", "expiration": "2025-04-03T13:14:59.210Z"}}, {"model": "captcha.captchastore", "pk": 937, "fields": {"challenge": "KYKV", "response": "kykv", "hashkey": "2bcc30f3ca13d26cb24fb1c9b727f3705cc7cfb6", "expiration": "2025-04-03T13:14:59.222Z"}}, {"model": "captcha.captchastore", "pk": 938, "fields": {"challenge": "EQKZ", "response": "eqkz", "hashkey": "1f93d4fdc604c31cb7564218a2e61253e3ccd376", "expiration": "2025-04-03T13:15:19.793Z"}}, {"model": "captcha.captchastore", "pk": 939, "fields": {"challenge": "VGYE", "response": "vgye", "hashkey": "899730904e9e1149a5131b33c809390c9ed6bcd4", "expiration": "2025-04-03T13:15:19.963Z"}}, {"model": "captcha.captchastore", "pk": 940, "fields": {"challenge": "LYCA", "response": "lyca", "hashkey": "4362ef70358dd86b1ed8a6ee84c5d5f86792ac35", "expiration": "2025-04-03T13:15:19.974Z"}}, {"model": "captcha.captchastore", "pk": 941, "fields": {"challenge": "JOLX", "response": "jolx", "hashkey": "4918f7c34e4080290d5f4e266a8d035931c2749d", "expiration": "2025-04-03T13:15:39.523Z"}}, {"model": "captcha.captchastore", "pk": 942, "fields": {"challenge": "VREB", "response": "vreb", "hashkey": "9a92ee4ef22226f38b7ecb23b169929397576ef2", "expiration": "2025-04-03T13:15:39.538Z"}}, {"model": "captcha.captchastore", "pk": 943, "fields": {"challenge": "GUAF", "response": "guaf", "hashkey": "58d48af33d28b0dc95a09e787728046a12083f61", "expiration": "2025-04-03T13:16:09.071Z"}}, {"model": "captcha.captchastore", "pk": 944, "fields": {"challenge": "OOBG", "response": "oobg", "hashkey": "cdc4bc56cff9dbf24dc82a05877636ca7a44e583", "expiration": "2025-04-03T13:16:09.085Z"}}, {"model": "captcha.captchastore", "pk": 945, "fields": {"challenge": "AWIH", "response": "awih", "hashkey": "e55f4d362f2aec5ca685398f4bd1d2e15a190599", "expiration": "2025-04-03T13:16:09.094Z"}}, {"model": "captcha.captchastore", "pk": 946, "fields": {"challenge": "FPQN", "response": "fpqn", "hashkey": "f7f9fe9629fa626877030aee06eb72875a273beb", "expiration": "2025-04-03T13:16:24.764Z"}}, {"model": "captcha.captchastore", "pk": 947, "fields": {"challenge": "WOAK", "response": "woak", "hashkey": "05b7f4b4a95141be826f0f25f13115202f59c3d5", "expiration": "2025-04-03T13:22:24.362Z"}}, {"model": "captcha.captchastore", "pk": 948, "fields": {"challenge": "DWMS", "response": "dwms", "hashkey": "3cc247eaab05e866a95cf32da1e7402b4306d897", "expiration": "2025-04-03T13:22:24.384Z"}}, {"model": "captcha.captchastore", "pk": 949, "fields": {"challenge": "LJIQ", "response": "ljiq", "hashkey": "443d6b2076d04f8ebe72c283d76790a4ae0b0b18", "expiration": "2025-04-03T13:22:24.402Z"}}, {"model": "captcha.captchastore", "pk": 950, "fields": {"challenge": "TVMO", "response": "tvmo", "hashkey": "59f10aec6bf60fd3f027b33b1cc45fb0d6610700", "expiration": "2025-04-03T13:22:31.897Z"}}, {"model": "captcha.captchastore", "pk": 951, "fields": {"challenge": "MPZT", "response": "mpzt", "hashkey": "be76696bab4b6c2bfbe7c77bf20b752bfc242faf", "expiration": "2025-04-03T13:22:31.909Z"}}, {"model": "captcha.captchastore", "pk": 952, "fields": {"challenge": "NNQI", "response": "nnqi", "hashkey": "dbabb33e8431b076a77a8ae7858e3cbf37f283d7", "expiration": "2025-04-03T13:22:31.919Z"}}, {"model": "captcha.captchastore", "pk": 953, "fields": {"challenge": "ZIOI", "response": "zioi", "hashkey": "edabbe14ef0e366a7ff748e38a55de78b345a942", "expiration": "2025-04-03T13:22:41.448Z"}}, {"model": "captcha.captchastore", "pk": 954, "fields": {"challenge": "XGSN", "response": "xgsn", "hashkey": "efe9731d62bf6e5d67498255fc89bbc4f982df79", "expiration": "2025-04-03T13:22:41.459Z"}}, {"model": "captcha.captchastore", "pk": 955, "fields": {"challenge": "JGJF", "response": "jgjf", "hashkey": "8a8a269cb2df9570138d8a7ea3502926117dff89", "expiration": "2025-04-03T13:22:41.467Z"}}, {"model": "captcha.captchastore", "pk": 956, "fields": {"challenge": "NWTS", "response": "nwts", "hashkey": "0d53d7ba95bd6202f784c35d5483a88ab127b41a", "expiration": "2025-04-03T13:22:51.479Z"}}, {"model": "captcha.captchastore", "pk": 957, "fields": {"challenge": "HMRF", "response": "hmrf", "hashkey": "70e1a8a414234d2858f89d7d282496cae054b7ee", "expiration": "2025-04-03T13:22:51.502Z"}}, {"model": "captcha.captchastore", "pk": 958, "fields": {"challenge": "TIJN", "response": "tijn", "hashkey": "ebf310abd7169d4376a38ab3786396ee57039fea", "expiration": "2025-04-03T13:22:51.513Z"}}, {"model": "captcha.captchastore", "pk": 959, "fields": {"challenge": "LFEH", "response": "lfeh", "hashkey": "96418ac09851235f0dbdfa5d35e13e01487a61fb", "expiration": "2025-04-03T13:23:07.368Z"}}, {"model": "captcha.captchastore", "pk": 960, "fields": {"challenge": "MUWN", "response": "muwn", "hashkey": "6c2d449a26898d20c95392ee3bb3c393e7646059", "expiration": "2025-04-03T13:23:07.382Z"}}, {"model": "captcha.captchastore", "pk": 961, "fields": {"challenge": "TSNF", "response": "tsnf", "hashkey": "d0d1401f1840811e36375ad64b6d78223e3f8cae", "expiration": "2025-04-03T13:23:07.393Z"}}, {"model": "captcha.captchastore", "pk": 962, "fields": {"challenge": "FEBP", "response": "febp", "hashkey": "faa9c5e0177a92a9dc55509e7ea77711cb92750a", "expiration": "2025-04-03T13:23:25.939Z"}}, {"model": "captcha.captchastore", "pk": 963, "fields": {"challenge": "UMNK", "response": "umnk", "hashkey": "241ee4057e402bec72af2c5a93aecf2e934030a1", "expiration": "2025-04-03T13:23:26.101Z"}}, {"model": "captcha.captchastore", "pk": 964, "fields": {"challenge": "DEKO", "response": "deko", "hashkey": "db9c581b5e632fdf38923801a5c433d2cc4eb840", "expiration": "2025-04-03T13:23:26.111Z"}}, {"model": "captcha.captchastore", "pk": 965, "fields": {"challenge": "LAWC", "response": "lawc", "hashkey": "601ef8164b70ac0e691ad936421a22836baac3d9", "expiration": "2025-04-03T13:23:31.788Z"}}, {"model": "captcha.captchastore", "pk": 966, "fields": {"challenge": "ZSWB", "response": "zswb", "hashkey": "ade1ac8d9f528c7d82f3b148c863bce18ee70554", "expiration": "2025-04-03T13:23:31.801Z"}}, {"model": "captcha.captchastore", "pk": 967, "fields": {"challenge": "TTXH", "response": "ttxh", "hashkey": "86d25d52f7465380148671fcf7ea4aec1726d59e", "expiration": "2025-04-03T13:23:49.581Z"}}, {"model": "captcha.captchastore", "pk": 968, "fields": {"challenge": "UYFB", "response": "uyfb", "hashkey": "e31da84dfb4b1d29dc45bddd4e6e058e86fd03da", "expiration": "2025-04-03T13:23:49.594Z"}}, {"model": "captcha.captchastore", "pk": 969, "fields": {"challenge": "VHSU", "response": "vhsu", "hashkey": "c049e09923dcd57eb29a7c822029166758222366", "expiration": "2025-04-03T13:23:49.603Z"}}, {"model": "captcha.captchastore", "pk": 970, "fields": {"challenge": "GWRQ", "response": "gwrq", "hashkey": "9dda0d8e4c24ec8b3d6bd07104921db39622a812", "expiration": "2025-04-03T13:24:19.716Z"}}, {"model": "captcha.captchastore", "pk": 971, "fields": {"challenge": "LCKZ", "response": "lckz", "hashkey": "7df01b31e278d2f18f3d5c9cc3d58f6a59b7f429", "expiration": "2025-04-03T13:24:19.749Z"}}, {"model": "captcha.captchastore", "pk": 972, "fields": {"challenge": "QEXB", "response": "qexb", "hashkey": "caa57b9145bdc91cd3aca860a65495deeb451cbb", "expiration": "2025-04-03T13:24:19.764Z"}}, {"model": "captcha.captchastore", "pk": 973, "fields": {"challenge": "GHHX", "response": "ghhx", "hashkey": "47d03024ce872895377ecf25ff2f65d04d570a97", "expiration": "2025-04-03T13:24:33.380Z"}}, {"model": "captcha.captchastore", "pk": 974, "fields": {"challenge": "XCGR", "response": "xcgr", "hashkey": "32999ce39828da8ee93e250235a5e0e4a65f6587", "expiration": "2025-04-03T13:24:33.393Z"}}, {"model": "captcha.captchastore", "pk": 975, "fields": {"challenge": "OWFM", "response": "owfm", "hashkey": "cc6f790429f51d77fd205f9df5cd0600ee5587ff", "expiration": "2025-04-03T13:24:33.406Z"}}, {"model": "captcha.captchastore", "pk": 976, "fields": {"challenge": "DBFS", "response": "dbfs", "hashkey": "07af8e1da9f0ea56b3eabc9cee5700dc354ba89e", "expiration": "2025-04-09T11:37:30.477Z"}}, {"model": "captcha.captchastore", "pk": 977, "fields": {"challenge": "TXZH", "response": "txzh", "hashkey": "3a39cea61f2218b4c18d2d4db89850e487a80ac3", "expiration": "2025-04-09T11:37:30.496Z"}}, {"model": "captcha.captchastore", "pk": 978, "fields": {"challenge": "LQUJ", "response": "lquj", "hashkey": "e3529d1383939af016ab65c07149ad04b96df60f", "expiration": "2025-04-09T11:37:30.544Z"}}, {"model": "captcha.captchastore", "pk": 979, "fields": {"challenge": "OJDX", "response": "ojdx", "hashkey": "37390d02ec951a7162f5cdfd76dbb419c6981773", "expiration": "2025-04-10T14:35:20.691Z"}}, {"model": "captcha.captchastore", "pk": 980, "fields": {"challenge": "RMTC", "response": "rmtc", "hashkey": "e64e196dc9ed8cbbdcd0e92c7b525855d45a82ec", "expiration": "2025-04-11T07:54:51.596Z"}}, {"model": "captcha.captchastore", "pk": 981, "fields": {"challenge": "AGMG", "response": "agmg", "hashkey": "f212e3e055e757142d3c2da6f9a5b09fb1762c76", "expiration": "2025-04-11T07:54:51.611Z"}}, {"model": "captcha.captchastore", "pk": 982, "fields": {"challenge": "JKTP", "response": "jktp", "hashkey": "4bc1721b802cb35037dc08a50c3c5ac4087ed82e", "expiration": "2025-04-11T07:54:51.619Z"}}, {"model": "captcha.captchastore", "pk": 983, "fields": {"challenge": "AFXU", "response": "afxu", "hashkey": "fd10e3cb04ee3d811e99b908c5b51228e1a54cb3", "expiration": "2025-04-11T07:54:51.629Z"}}, {"model": "captcha.captchastore", "pk": 984, "fields": {"challenge": "UMPB", "response": "umpb", "hashkey": "a25d1a4044ebb5f38f5ede84c45fd62e7fba5eeb", "expiration": "2025-04-11T07:54:51.641Z"}}, {"model": "captcha.captchastore", "pk": 985, "fields": {"challenge": "ZDRP", "response": "zdrp", "hashkey": "1f8f5619045caa9dc4ccd7d252b0d76fd8433804", "expiration": "2025-04-11T07:54:51.649Z"}}, {"model": "captcha.captchastore", "pk": 986, "fields": {"challenge": "LVAU", "response": "lvau", "hashkey": "ceaa2117f928f2c4bb8bb3ea729039a4217c5931", "expiration": "2025-04-11T07:54:51.662Z"}}, {"model": "captcha.captchastore", "pk": 987, "fields": {"challenge": "NGZA", "response": "ngza", "hashkey": "40dae93a2015c83daab9b4f6c11dc489e020731d", "expiration": "2025-04-11T07:54:51.672Z"}}, {"model": "captcha.captchastore", "pk": 988, "fields": {"challenge": "PVFI", "response": "pvfi", "hashkey": "c13c5f61e83e8f675830df7e8caba03835774476", "expiration": "2025-04-11T07:54:51.683Z"}}, {"model": "captcha.captchastore", "pk": 989, "fields": {"challenge": "OXUL", "response": "oxul", "hashkey": "9ee78f7cdd96e9ac181b33def5dd0b6dab270ffc", "expiration": "2025-04-11T07:54:51.692Z"}}, {"model": "captcha.captchastore", "pk": 990, "fields": {"challenge": "GBGI", "response": "gbgi", "hashkey": "f5172c662f92fc6ac0e0bd7851f68894abf3d101", "expiration": "2025-04-11T07:54:51.699Z"}}, {"model": "captcha.captchastore", "pk": 991, "fields": {"challenge": "YECK", "response": "yeck", "hashkey": "4d3644a4781fd378ecea3da3a8abf58be81d067a", "expiration": "2025-04-11T07:54:51.707Z"}}, {"model": "captcha.captchastore", "pk": 992, "fields": {"challenge": "NCOM", "response": "ncom", "hashkey": "4067354207a9a7064cca132a3591575766bd1ba6", "expiration": "2025-04-11T07:54:51.717Z"}}, {"model": "captcha.captchastore", "pk": 993, "fields": {"challenge": "OCVR", "response": "ocvr", "hashkey": "ff216bfbde9a79f20c7a414e5ed4b1f48a65536d", "expiration": "2025-04-11T07:54:51.726Z"}}, {"model": "captcha.captchastore", "pk": 994, "fields": {"challenge": "DWWB", "response": "dwwb", "hashkey": "01a439f68ad3070ecdef474be7ea2d0a35e70493", "expiration": "2025-04-11T07:54:51.735Z"}}, {"model": "captcha.captchastore", "pk": 995, "fields": {"challenge": "OHKB", "response": "ohkb", "hashkey": "144cd2f4e6dae93a41d9102f6165bbc1c1066403", "expiration": "2025-04-11T07:54:51.745Z"}}, {"model": "captcha.captchastore", "pk": 996, "fields": {"challenge": "CPHX", "response": "cphx", "hashkey": "b71d8259bc9efc3daf726631f1dbc8a803f79f5b", "expiration": "2025-04-11T07:54:51.762Z"}}, {"model": "captcha.captchastore", "pk": 997, "fields": {"challenge": "UFKZ", "response": "ufkz", "hashkey": "fbf6e5f054f6baf69015e8a228e0c91b653f2b71", "expiration": "2025-04-11T07:54:51.771Z"}}, {"model": "captcha.captchastore", "pk": 998, "fields": {"challenge": "OEFD", "response": "oefd", "hashkey": "98ff74461eedbabef56167c9114d74839fe1b31d", "expiration": "2025-04-11T07:54:51.781Z"}}, {"model": "captcha.captchastore", "pk": 999, "fields": {"challenge": "VPDH", "response": "vpdh", "hashkey": "7cf2637b09a3a69312b4ff045571ce1f42c1490e", "expiration": "2025-04-11T07:54:51.790Z"}}, {"model": "captcha.captchastore", "pk": 1000, "fields": {"challenge": "STRS", "response": "strs", "hashkey": "22dc282085ddd907846fce0262b92e6d9a5b4f40", "expiration": "2025-04-11T07:54:51.799Z"}}, {"model": "captcha.captchastore", "pk": 1001, "fields": {"challenge": "LVXJ", "response": "lvxj", "hashkey": "f21a129a48f50fad8212a5333e7536b92f48b5d8", "expiration": "2025-04-11T07:54:51.807Z"}}, {"model": "captcha.captchastore", "pk": 1002, "fields": {"challenge": "UQJO", "response": "uqjo", "hashkey": "5f2148eef27d42cb89b4fdc149cbc5692a82117b", "expiration": "2025-04-11T07:54:51.814Z"}}, {"model": "captcha.captchastore", "pk": 1003, "fields": {"challenge": "GGAQ", "response": "ggaq", "hashkey": "d41b4d9a14432a2d40012d93fe1380bb344e0acc", "expiration": "2025-04-11T07:54:51.822Z"}}, {"model": "captcha.captchastore", "pk": 1004, "fields": {"challenge": "MDCK", "response": "mdck", "hashkey": "373c2adff2be5f12e375b9e636606844aabbc36a", "expiration": "2025-04-11T07:54:51.832Z"}}, {"model": "captcha.captchastore", "pk": 1005, "fields": {"challenge": "FZZR", "response": "fzzr", "hashkey": "86ef2413765dea5ec81fc459ba5f482125b31da9", "expiration": "2025-04-11T07:54:51.840Z"}}, {"model": "captcha.captchastore", "pk": 1006, "fields": {"challenge": "DAVA", "response": "dava", "hashkey": "931892f9e49c300df9844b9bae15b7e13712310b", "expiration": "2025-04-11T07:54:51.847Z"}}, {"model": "captcha.captchastore", "pk": 1007, "fields": {"challenge": "RACR", "response": "racr", "hashkey": "6afbfd45a7fc9b8c478700b8ccd6506af094fb89", "expiration": "2025-04-11T07:54:51.856Z"}}, {"model": "captcha.captchastore", "pk": 1008, "fields": {"challenge": "HCPZ", "response": "hcpz", "hashkey": "57eea191adce3e962a9691cb441e627beb8bfd5c", "expiration": "2025-04-11T07:54:51.865Z"}}, {"model": "captcha.captchastore", "pk": 1009, "fields": {"challenge": "XLNO", "response": "xlno", "hashkey": "8e906dd750ad80da79e982ddf039e81348655c64", "expiration": "2025-04-11T07:54:51.874Z"}}, {"model": "captcha.captchastore", "pk": 1010, "fields": {"challenge": "ELXF", "response": "elxf", "hashkey": "c95dbd12bb1789a9d99173b485a66350423eb028", "expiration": "2025-04-11T07:54:51.881Z"}}, {"model": "captcha.captchastore", "pk": 1011, "fields": {"challenge": "RTSZ", "response": "rtsz", "hashkey": "98ebaa518dbac05509276f3e477b2cddfb9ecaee", "expiration": "2025-04-11T07:54:51.890Z"}}, {"model": "captcha.captchastore", "pk": 1012, "fields": {"challenge": "TRRZ", "response": "trrz", "hashkey": "a2b2405cf3781ca8c9439b063fe6691588c6ca96", "expiration": "2025-04-11T07:54:51.900Z"}}, {"model": "captcha.captchastore", "pk": 1013, "fields": {"challenge": "NPUY", "response": "npuy", "hashkey": "8df1a769387eac0dcf9ed67b2e127bac96d7d9c8", "expiration": "2025-04-11T07:54:51.909Z"}}, {"model": "captcha.captchastore", "pk": 1014, "fields": {"challenge": "PDRW", "response": "pdrw", "hashkey": "1b905c9819094fa0f79aa1463b9ca966ae02a2ef", "expiration": "2025-04-11T07:54:51.916Z"}}, {"model": "captcha.captchastore", "pk": 1015, "fields": {"challenge": "XQNF", "response": "xqnf", "hashkey": "f36c6395ad6d4c2a51e8f2c9cc889e0e91d642d9", "expiration": "2025-04-11T07:54:51.925Z"}}, {"model": "captcha.captchastore", "pk": 1016, "fields": {"challenge": "FUTA", "response": "futa", "hashkey": "373b1442aa255c3172e626fc41dcd2e9a433d062", "expiration": "2025-04-11T07:54:51.935Z"}}, {"model": "captcha.captchastore", "pk": 1017, "fields": {"challenge": "JRBU", "response": "jrbu", "hashkey": "ef2f786c267f31fa8b163c2ad375266dfb04244d", "expiration": "2025-04-11T07:54:51.944Z"}}, {"model": "captcha.captchastore", "pk": 1018, "fields": {"challenge": "BZJV", "response": "bzjv", "hashkey": "c6f46126cd49d8772d649314ea20644b4138baa4", "expiration": "2025-04-11T07:54:51.952Z"}}, {"model": "captcha.captchastore", "pk": 1019, "fields": {"challenge": "RDPT", "response": "rdpt", "hashkey": "3f01b49d05324fe9998b02dcb4b6e06dedf6fd18", "expiration": "2025-04-11T07:54:51.962Z"}}, {"model": "captcha.captchastore", "pk": 1020, "fields": {"challenge": "PENF", "response": "penf", "hashkey": "bf44875714af1eae85cfb70c61bfd4cc56a33845", "expiration": "2025-04-11T07:54:51.972Z"}}, {"model": "captcha.captchastore", "pk": 1021, "fields": {"challenge": "QTFY", "response": "qtfy", "hashkey": "505b8564c2690cb2eef40746954868f45f551d70", "expiration": "2025-04-11T07:54:51.981Z"}}, {"model": "captcha.captchastore", "pk": 1022, "fields": {"challenge": "MJOE", "response": "mjoe", "hashkey": "b661fb44c030f4b94f0494584716f4e516b8a6fe", "expiration": "2025-04-11T07:54:51.990Z"}}, {"model": "captcha.captchastore", "pk": 1023, "fields": {"challenge": "XUXJ", "response": "xuxj", "hashkey": "4fb11f4f1d362e9a21ae5817ccd33e7121935e92", "expiration": "2025-04-11T07:54:51.999Z"}}, {"model": "captcha.captchastore", "pk": 1024, "fields": {"challenge": "CTHY", "response": "cthy", "hashkey": "9969398754ef8c465730e346dea352dafa56136e", "expiration": "2025-04-11T07:54:52.011Z"}}, {"model": "captcha.captchastore", "pk": 1025, "fields": {"challenge": "FWDS", "response": "fwds", "hashkey": "5ba9353c3ca45d840897028c6980d03b31c05e43", "expiration": "2025-04-11T07:54:52.020Z"}}, {"model": "captcha.captchastore", "pk": 1026, "fields": {"challenge": "GBMG", "response": "gbmg", "hashkey": "4b1ba184eb043c264787a12b830c39d7bf860d64", "expiration": "2025-04-11T07:54:52.029Z"}}, {"model": "captcha.captchastore", "pk": 1027, "fields": {"challenge": "UNMB", "response": "unmb", "hashkey": "678d5020643a476a4f51589539411594ee080627", "expiration": "2025-04-11T07:54:52.038Z"}}, {"model": "captcha.captchastore", "pk": 1028, "fields": {"challenge": "ZWGI", "response": "zwgi", "hashkey": "c68eae29f1124664d0101537adfda0076b80a6af", "expiration": "2025-04-11T07:54:52.050Z"}}, {"model": "captcha.captchastore", "pk": 1029, "fields": {"challenge": "SDVU", "response": "sdvu", "hashkey": "fcab8fdd77fe34a25eb5314c8d2887256b8bc6ad", "expiration": "2025-04-11T07:54:52.059Z"}}, {"model": "captcha.captchastore", "pk": 1030, "fields": {"challenge": "JBEE", "response": "jbee", "hashkey": "23740b317e71334aa2f2fe39a1a8f9e5faec13ac", "expiration": "2025-04-11T07:54:52.067Z"}}, {"model": "captcha.captchastore", "pk": 1031, "fields": {"challenge": "ZXOH", "response": "zxoh", "hashkey": "820e4ee6a088782dff1d672b225de04b5db137de", "expiration": "2025-04-11T07:54:52.076Z"}}, {"model": "captcha.captchastore", "pk": 1032, "fields": {"challenge": "LZTY", "response": "lzty", "hashkey": "c68d7acf38a60af822f57284011f8b978ecb141e", "expiration": "2025-04-14T10:08:02.574Z"}}, {"model": "captcha.captchastore", "pk": 1033, "fields": {"challenge": "XEZE", "response": "xeze", "hashkey": "5eca7a9bc15ae2bf8a599fdf5f99a0f6535f00f0", "expiration": "2025-04-14T10:08:28.532Z"}}, {"model": "captcha.captchastore", "pk": 1034, "fields": {"challenge": "TPML", "response": "tpml", "hashkey": "090c9bd9fdd66dc2533d002da27b732c596d6419", "expiration": "2025-04-14T10:08:30.598Z"}}, {"model": "captcha.captchastore", "pk": 1035, "fields": {"challenge": "QIGB", "response": "qigb", "hashkey": "dbbccc1ad3466072600d9c2ab8b8991d2cbcff64", "expiration": "2025-04-14T10:08:31.989Z"}}]